EmpID,Age,Department,JobRole,MonthlyIncome,Attrition,PerformanceRating
RM297,18,Research & Development,Laboratory Technician,1420.0,Yes,3.0
RM302,18,Sales,Sales Representative,1200.0,No,3.0
RM458,18,Sales,Sales Representative,1878.0,Yes,3.0
RM728,18,Research & Development,Research Scientist,1051.0,No,3.0
RM829,18,Research & Development,Laboratory Technician,1904.0,Yes,3.0
RM973,18,Research & Development,Laboratory Technician,1611.0,No,3.0
RM1154,18,Sales,Sales Representative,1569.0,Yes,3.0
RM1312,18,Research & Development,Research Scientist,1514.0,No,3.0
RM128,19,Sales,Sales Representative,1675.0,Yes,3.0
RM150,19,Research & Development,Laboratory Technician,1483.0,No,3.0
RM172,19,Sales,Sales Representative,2325.0,Yes,4.0
RM178,19,Research & Development,Laboratory Technician,1102.0,Yes,4.0
RM423,19,Human Resources,Human Resources,2564.0,Yes,3.0
RM689,19,Sales,Sales Representative,2121.0,Yes,3.0
RM854,19,Research & Development,Research Scientist,2552.0,No,4.0
RM893,19,Research & Development,Research Scientist,1859.0,Yes,4.0
RM910,19,Research & Development,Research Scientist,2994.0,No,3.0
RM103,20,Research & Development,Laboratory Technician,2926.0,Yes,3.0
RM488,20,Research & Development,Research Scientist,2836.0,No,3.0
RM514,20,Research & Development,Research Scientist,1009.0,Yes,3.0
RM663,20,Sales,Sales Representative,2044.0,Yes,3.0
RM690,20,Research & Development,Laboratory Technician,2973.0,Yes,3.0
RM732,20,Research & Development,Research Scientist,2600.0,Yes,3.0
RM777,20,Sales,Sales Representative,2323.0,Yes,3.0
RM857,20,Research & Development,Laboratory Technician,3033.0,No,3.0
RM877,20,Sales,Sales Representative,2678.0,No,3.0
RM1179,20,Sales,Sales Representative,2783.0,No,3.0
RM1198,20,Sales,Sales Representative,2728.0,No,3.0
RM024,21,Research & Development,Research Scientist,1232.0,No,3.0
RM275,21,Research & Development,Research Scientist,3230.0,No,3.0
RM358,21,Sales,Sales Representative,2174.0,Yes,3.0
RM363,21,Sales,Sales Representative,2610.0,No,4.0
RM371,21,Sales,Sales Representative,2716.0,Yes,3.0
RM497,21,Sales,Sales Representative,3447.0,No,3.0
RM664,21,Research & Development,Research Scientist,2693.0,Yes,3.0
RM778,21,Research & Development,Laboratory Technician,1416.0,Yes,3.0
RM816,21,Research & Development,Research Scientist,2070.0,No,3.0
RM916,21,Research & Development,Laboratory Technician,2625.0,Yes,4.0
RM1153,21,Research & Development,Research Scientist,3117.0,No,3.0
RM1272,21,Sales,Sales Representative,2679.0,Yes,3.0
RM1437,21,Sales,Sales Representative,2380.0,No,3.0
RM018,22,Research & Development,Laboratory Technician,2935.0,No,3.0
RM110,22,Research & Development,Laboratory Technician,2871.0,No,3.0
RM129,22,Research & Development,Laboratory Technician,2523.0,No,3.0
RM161,22,Research & Development,Research Scientist,2323.0,No,4.0
RM207,22,Research & Development,Research Scientist,2328.0,No,3.0
RM384,22,Research & Development,Research Scientist,2244.0,No,3.0
RM444,22,Research & Development,Laboratory Technician,3894.0,Yes,3.0
RM499,22,Research & Development,Research Scientist,2773.0,No,4.0
RM631,22,Research & Development,Manufacturing Director,4775.0,No,4.0
RM667,22,Research & Development,Manufacturing Director,4171.0,Yes,3.0
RM735,22,Research & Development,Laboratory Technician,2451.0,No,3.0
RM861,22,Research & Development,Research Scientist,2853.0,Yes,3.0
RM1138,22,Research & Development,Research Scientist,2814.0,No,3.0
RM1274,22,Research & Development,Laboratory Technician,2398.0,Yes,3.0
RM1340,22,Research & Development,Research Scientist,2472.0,Yes,4.0
RM1424,22,Research & Development,Research Scientist,3375.0,No,3.0
RM087,23,Sales,Sales Representative,2322.0,No,3.0
RM346,23,Research & Development,Research Scientist,2904.0,No,3.0
RM517,23,Research & Development,Research Scientist,2819.0,No,3.0
RM551,23,Research & Development,Laboratory Technician,2500.0,No,3.0
RM566,23,Research & Development,Research Scientist,3505.0,No,3.0
RM586,23,Research & Development,Laboratory Technician,1601.0,Yes,4.0
RM911,23,Research & Development,Research Scientist,1223.0,No,4.0
RM1083,23,Research & Development,Laboratory Technician,2272.0,No,3.0
RM1128,23,Research & Development,Research Scientist,2073.0,No,3.0
RM1202,23,Research & Development,Laboratory Technician,3989.0,Yes,3.0
RM1214,23,Sales,Sales Representative,2275.0,Yes,4.0
RM1239,23,Research & Development,Laboratory Technician,3295.0,No,3.0
RM1409,23,Research & Development,Laboratory Technician,2647.0,No,3.0
RM1439,23,Sales,Sales Representative,1790.0,Yes,3.0
RM021,24,Research & Development,Manufacturing Director,4011.0,No,3.0
RM035,24,Research & Development,Research Scientist,2293.0,Yes,3.0
RM097,24,Sales,Sales Executive,4999.0,No,4.0
RM114,24,Research & Development,Laboratory Technician,2774.0,No,3.0
RM381,24,Sales,Sales Executive,4260.0,No,3.0
RM415,24,Sales,Sales Representative,3202.0,Yes,3.0
RM471,24,Sales,Sales Representative,2400.0,No,3.0
RM475,24,Research & Development,Research Scientist,2725.0,No,3.0
RM477,24,Research & Development,Laboratory Technician,2127.0,No,4.0
RM480,24,Research & Development,Laboratory Technician,2886.0,Yes,3.0
RM526,24,Sales,Sales Executive,4577.0,Yes,3.0
RM587,24,Research & Development,Laboratory Technician,2694.0,No,3.0
RM641,24,Research & Development,Laboratory Technician,3162.0,No,3.0
RM725,24,Research & Development,Manufacturing Director,4377.0,No,3.0
RM842,24,Research & Development,Laboratory Technician,3597.0,No,4.0
RM872,24,Research & Development,Laboratory Technician,2210.0,Yes,3.0
RM1026,24,Sales,Sales Executive,4162.0,No,3.0
RM1061,24,Research & Development,Laboratory Technician,3172.0,Yes,3.0
RM1062,24,Sales,Sales Representative,2033.0,No,3.0
RM1098,24,Research & Development,Laboratory Technician,2296.0,No,3.0
RM1169,24,Research & Development,Research Scientist,3760.0,No,3.0
RM1218,24,Research & Development,Research Scientist,4401.0,No,3.0
RM1223,24,Human Resources,Human Resources,1555.0,Yes,3.0
RM1231,24,Research & Development,Laboratory Technician,3907.0,No,3.0
RM1246,24,Human Resources,Human Resources,2145.0,No,3.0
RM1408,24,Research & Development,Healthcare Representative,4617.0,No,3.0
RM108,25,Sales,Sales Executive,5744.0,Yes,3.0
RM109,25,Research & Development,Research Scientist,2889.0,No,3.0
RM139,25,Sales,Sales Executive,8639.0,No,3.0
RM256,25,Research & Development,Manufacturing Director,4898.0,No,3.0
RM268,25,Research & Development,Healthcare Representative,4000.0,No,3.0
RM398,25,Sales,Sales Executive,4487.0,No,3.0
RM406,25,Research & Development,Laboratory Technician,4031.0,Yes,3.0
RM479,25,Sales,Sales Representative,2096.0,No,3.0
RM518,25,Sales,Sales Executive,4851.0,No,4.0
RM564,25,Sales,Sales Executive,6180.0,No,4.0
RM619,25,Research & Development,Research Scientist,3424.0,No,3.0
RM635,25,Sales,Sales Executive,4194.0,No,3.0
RM639,25,Sales,Sales Executive,4256.0,No,3.0
RM684,25,Sales,Sales Representative,2413.0,Yes,3.0
RM797,25,Research & Development,Laboratory Technician,3691.0,Yes,3.0
RM886,25,Sales,Sales Executive,4950.0,No,3.0
RM912,25,Sales,Sales Representative,1118.0,Yes,3.0
RM935,25,Research & Development,Research Scientist,2096.0,No,3.0
RM966,25,Research & Development,Laboratory Technician,3669.0,No,3.0
RM994,25,Sales,Sales Executive,6232.0,No,3.0
RM1004,25,Research & Development,Laboratory Technician,3229.0,No,3.0
RM1022,25,Sales,Sales Representative,4400.0,Yes,3.0
RM1175,25,Research & Development,Manufacturing Director,5206.0,No,3.0
RM1412,25,Human Resources,Human Resources,2187.0,No,3.0
RM1414,25,Research & Development,Laboratory Technician,3977.0,No,3.0
RM1434,25,Sales,Sales Executive,4907.0,No,4.0
RM043,26,Research & Development,Laboratory Technician,2293.0,Yes,3.0
RM055,26,Sales,Sales Executive,4157.0,No,3.0
RM126,26,Research & Development,Research Scientist,2368.0,No,3.0
RM135,26,Human Resources,Human Resources,2942.0,No,4.0
RM279,26,Research & Development,Manufacturing Director,6397.0,No,4.0
RM285,26,Research & Development,Healthcare Representative,4741.0,No,3.0
RM289,26,Research & Development,Laboratory Technician,2373.0,Yes,3.0
RM294,26,Sales,Sales Executive,5828.0,Yes,3.0
RM356,26,Sales,Sales Executive,5296.0,No,3.0
RM383,26,Research & Development,Research Scientist,3102.0,Yes,4.0
RM419,26,Research & Development,Research Scientist,2886.0,No,4.0
RM454,26,Human Resources,Human Resources,2741.0,Yes,3.0
RM461,26,Sales,Sales Executive,4306.0,No,3.0
RM464,26,Research & Development,Laboratory Technician,2340.0,Yes,3.0
RM476,26,Sales,Sales Executive,6272.0,No,4.0
RM506,26,Research & Development,Laboratory Technician,2659.0,No,3.0
RM572,26,Research & Development,Laboratory Technician,4364.0,No,3.0
RM574,26,Sales,Sales Executive,5326.0,Yes,3.0
RM615,26,Research & Development,Research Scientist,2366.0,Yes,3.0
RM686,26,Sales,Sales Executive,4294.0,No,3.0
RM734,26,Research & Development,Manufacturing Director,5472.0,No,3.0
RM749,26,Sales,Sales Executive,4969.0,Yes,3.0
RM763,26,Research & Development,Research Scientist,2042.0,Yes,3.0
RM770,26,Research & Development,Research Scientist,2007.0,No,3.0
RM782,26,Research & Development,Laboratory Technician,3955.0,No,3.0
RM798,26,Research & Development,Laboratory Technician,2377.0,Yes,4.0
RM844,26,Research & Development,Laboratory Technician,4420.0,No,4.0
RM913,26,Research & Development,Research Scientist,2875.0,No,4.0
RM999,26,Research & Development,Research Scientist,3904.0,No,3.0
RM1005,26,Research & Development,Laboratory Technician,3578.0,No,3.0
RM1119,26,Research & Development,Research Scientist,2061.0,No,4.0
RM1207,26,Research & Development,Laboratory Technician,2570.0,No,4.0
RM1225,26,Research & Development,Laboratory Technician,2305.0,No,3.0
RM1298,26,Human Resources,Human Resources,2148.0,Yes,3.0
RM1310,26,Sales,Sales Executive,4684.0,No,3.0
RM1350,26,Research & Development,Research Scientist,2933.0,No,3.0
RM1362,26,Research & Development,Laboratory Technician,2544.0,No,3.0
RM1387,26,Research & Development,Laboratory Technician,2867.0,No,3.0
RM1465,26,Sales,Sales Representative,2966.0,No,3.0
RM1465,26,Sales,Sales Representative,2966.0,No,3.0
RM005,27,Research & Development,Laboratory Technician,3468.0,No,3.0
RM042,27,Research & Development,Laboratory Technician,2341.0,No,3.0
RM044,27,Sales,Sales Executive,8726.0,No,3.0
RM162,27,Research & Development,Research Scientist,2024.0,No,3.0
RM165,27,Research & Development,Research Scientist,2566.0,No,3.0
RM171,27,Research & Development,Research Scientist,3058.0,No,3.0
RM192,27,Research & Development,Research Scientist,2279.0,No,3.0
RM201,27,Research & Development,Manufacturing Director,4298.0,No,3.0
RM213,27,Sales,Sales Executive,9981.0,No,3.0
RM319,27,Research & Development,Research Scientist,2478.0,No,3.0
RM321,27,Sales,Sales Executive,4478.0,No,3.0
RM332,27,Sales,Sales Executive,6349.0,No,3.0
RM340,27,Sales,Sales Executive,6214.0,No,3.0
RM374,27,Research & Development,Laboratory Technician,3816.0,No,3.0
RM486,27,Research & Development,Research Scientist,2187.0,No,3.0
RM496,27,Sales,Sales Representative,3041.0,Yes,3.0
RM513,27,Research & Development,Research Scientist,2045.0,No,3.0
RM522,27,Sales,Sales Executive,4647.0,No,4.0
RM531,27,Research & Development,Manufacturing Director,7412.0,No,3.0
RM538,27,Research & Development,Manufacturing Director,8793.0,No,4.0
RM555,27,Research & Development,Healthcare Representative,6811.0,No,3.0
RM577,27,Sales,Sales Executive,4342.0,No,3.0
RM611,27,Research & Development,Research Director,12808.0,No,3.0
RM616,27,Research & Development,Research Scientist,1706.0,No,3.0
RM671,27,Research & Development,Research Scientist,2318.0,No,3.0
RM718,27,Research & Development,Laboratory Technician,2811.0,No,3.0
RM740,27,Research & Development,Manufacturing Director,4227.0,No,3.0
RM787,27,Research & Development,Laboratory Technician,4621.0,No,3.0
RM834,27,Research & Development,Research Scientist,2539.0,No,3.0
RM890,27,Research & Development,Research Scientist,2235.0,No,3.0
RM903,27,Research & Development,Research Scientist,2517.0,No,3.0
RM971,27,Sales,Sales Representative,2534.0,No,3.0
RM975,27,Sales,Sales Executive,5071.0,No,4.0
RM997,27,Sales,Sales Executive,5769.0,No,3.0
RM998,27,Research & Development,Research Scientist,2394.0,Yes,3.0
RM1018,27,Research & Development,Laboratory Technician,2099.0,No,3.0
RM1150,27,Research & Development,Laboratory Technician,4066.0,No,3.0
RM1170,27,Research & Development,Research Scientist,3517.0,No,3.0
RM1171,27,Research & Development,Research Scientist,2580.0,No,3.0
RM1249,27,Research & Development,Research Scientist,3445.0,No,3.0
RM1318,27,Research & Development,Laboratory Technician,2379.0,No,3.0
RM1329,27,Sales,Sales Representative,3540.0,No,4.0
RM1335,27,Research & Development,Research Scientist,4774.0,No,3.0
RM1351,27,Sales,Sales Executive,6500.0,No,3.0
RM1368,27,Research & Development,Research Scientist,2226.0,No,3.0
RM1380,27,Human Resources,Human Resources,2863.0,Yes,3.0
RM1394,27,Sales,Sales Executive,4105.0,No,3.0
RM1468,27,Research & Development,Manufacturing Director,6142.0,No,4.0
RM1468,27,Research & Development,Manufacturing Director,6142.0,No,4.0
RM015,28,Research & Development,Laboratory Technician,2028.0,Yes,3.0
RM052,28,Research & Development,Laboratory Technician,3441.0,Yes,3.0
RM098,28,Sales,Sales Executive,4221.0,No,3.0
RM163,28,Research & Development,Research Scientist,2713.0,No,3.0
RM265,28,Research & Development,Laboratory Technician,3485.0,Yes,3.0
RM273,28,Research & Development,Research Scientist,2070.0,No,4.0
RM290,28,Research & Development,Research Scientist,3310.0,No,4.0
RM303,28,Research & Development,Healthcare Representative,5661.0,No,3.0
RM324,28,Research & Development,Research Scientist,3464.0,Yes,3.0
RM375,28,Sales,Sales Executive,5253.0,No,3.0
RM405,28,Research & Development,Laboratory Technician,4558.0,No,3.0
RM541,28,Research & Development,Research Scientist,2216.0,Yes,3.0
RM599,28,Research & Development,Research Scientist,4382.0,Yes,3.0
RM613,28,Sales,Sales Executive,4779.0,No,4.0
RM630,28,Human Resources,Human Resources,4936.0,No,3.0
RM660,28,Sales,Sales Executive,4908.0,No,3.0
RM669,28,Research & Development,Research Scientist,2377.0,No,3.0
RM765,28,Sales,Sales Representative,1052.0,No,4.0
RM781,28,Research & Development,Healthcare Representative,8722.0,Yes,3.0
RM789,28,Research & Development,Research Scientist,3660.0,No,3.0
RM794,28,Research & Development,Laboratory Technician,2207.0,No,3.0
RM801,28,Research & Development,Laboratory Technician,2596.0,Yes,3.0
RM810,28,Research & Development,Manufacturing Director,7655.0,No,3.0
RM820,28,Research & Development,Research Scientist,3201.0,No,3.0
RM828,28,Research & Development,Research Scientist,2703.0,No,3.0
RM843,28,Research & Development,Laboratory Technician,2515.0,Yes,3.0
RM869,28,Research & Development,Laboratory Technician,3196.0,No,3.0
RM922,28,Research & Development,Laboratory Technician,2154.0,No,3.0
RM930,28,Research & Development,Laboratory Technician,3867.0,No,3.0
RM934,28,Research & Development,Research Scientist,2080.0,No,3.0
RM945,28,Research & Development,Laboratory Technician,6674.0,No,3.0
RM985,28,Sales,Sales Executive,4724.0,No,3.0
RM1042,28,Sales,Sales Executive,8463.0,No,3.0
RM1057,28,Sales,Sales Representative,2909.0,Yes,3.0
RM1069,28,Research & Development,Laboratory Technician,2561.0,Yes,3.0
RM1070,28,Research & Development,Research Scientist,1563.0,No,3.0
RM1071,28,Sales,Sales Executive,4898.0,No,3.0
RM1074,28,Research & Development,Manufacturing Director,6549.0,No,3.0
RM1137,28,Research & Development,Laboratory Technician,2408.0,Yes,3.0
RM1152,28,Research & Development,Manufacturing Director,4877.0,No,4.0
RM1284,28,Research & Development,Research Scientist,2044.0,No,3.0
RM1308,28,Research & Development,Research Scientist,3591.0,No,4.0
RM1324,28,Human Resources,Human Resources,2706.0,No,3.0
RM1338,28,Sales,Sales Representative,2856.0,No,3.0
RM1365,28,Sales,Sales Executive,6834.0,No,3.0
RM1370,28,Sales,Sales Executive,9854.0,Yes,3.0
RM1382,28,Research & Development,Research Scientist,2144.0,No,3.0
RM1391,28,Research & Development,Laboratory Technician,2367.0,Yes,3.0
RM012,29,Research & Development,Laboratory Technician,4193.0,No,3.0
RM016,29,Research & Development,Manufacturing Director,9980.0,No,3.0
RM072,29,Research & Development,Research Scientist,2703.0,No,4.0
RM156,29,Research & Development,Manufacturing Director,4319.0,No,3.0
RM206,29,Sales,Sales Executive,7639.0,Yes,4.0
RM218,29,Research & Development,Research Scientist,2058.0,Yes,3.0
RM228,29,Sales,Sales Executive,7918.0,No,3.0
RM230,29,Research & Development,Research Scientist,2389.0,Yes,3.0
RM253,29,Research & Development,Research Scientist,2340.0,No,3.0
RM255,29,Sales,Sales Executive,6931.0,No,3.0
RM266,29,Sales,Sales Executive,6644.0,No,3.0
RM283,29,Sales,Sales Executive,4554.0,No,3.0
RM337,29,Research & Development,Laboratory Technician,2119.0,Yes,3.0
RM338,29,Research & Development,Laboratory Technician,3983.0,No,3.0
RM344,29,Sales,Sales Executive,8268.0,No,3.0
RM350,29,Sales,Sales Executive,4649.0,No,3.0
RM372,29,Research & Development,Research Scientist,2201.0,No,3.0
RM421,29,Research & Development,Research Director,11935.0,No,3.0
RM422,29,Research & Development,Research Scientist,2546.0,Yes,3.0
RM455,29,Research & Development,Manufacturing Director,4262.0,No,3.0
RM508,29,Sales,Sales Executive,5561.0,No,3.0
RM520,29,Research & Development,Research Scientist,2720.0,No,3.0
RM547,29,Sales,Sales Representative,2642.0,No,3.0
RM556,29,Sales,Sales Representative,2297.0,No,3.0
RM573,29,Research & Development,Healthcare Representative,4335.0,No,3.0
RM590,29,Research & Development,Laboratory Technician,2319.0,Yes,3.0
RM595,29,Research & Development,Research Scientist,2700.0,No,4.0
RM646,29,Sales,Sales Representative,2800.0,Yes,3.0
RM658,29,Research & Development,Laboratory Technician,2532.0,No,3.0
RM698,29,Sales,Sales Representative,2157.0,No,3.0
RM712,29,Research & Development,Research Scientist,2404.0,Yes,4.0
RM809,29,Research & Development,Research Scientist,2514.0,No,4.0
RM824,29,Research & Development,Research Scientist,3291.0,No,3.0
RM826,29,Research & Development,Manufacturing Director,5056.0,No,3.0
RM837,29,Sales,Sales Executive,7336.0,Yes,3.0
RM853,29,Research & Development,Laboratory Technician,3131.0,No,3.0
RM860,29,Research & Development,Research Scientist,2168.0,No,3.0
RM894,29,Research & Development,Research Scientist,3760.0,No,3.0
RM904,29,Research & Development,Healthcare Representative,6623.0,No,3.0
RM906,29,Research & Development,Research Director,16124.0,No,3.0
RM933,29,Research & Development,Laboratory Technician,3339.0,Yes,3.0
RM1006,29,Human Resources,Human Resources,7988.0,No,3.0
RM1008,29,Research & Development,Healthcare Representative,7553.0,Yes,3.0
RM1058,29,Sales,Sales Executive,5765.0,Yes,3.0
RM1064,29,Sales,Sales Executive,8620.0,No,3.0
RM1073,29,Research & Development,Laboratory Technician,3180.0,No,3.0
RM1078,29,Research & Development,Research Scientist,2362.0,Yes,3.0
RM1091,29,Research & Development,Healthcare Representative,9715.0,No,3.0
RM1105,29,Research & Development,Research Scientist,2451.0,No,3.0
RM1123,29,Research & Development,Laboratory Technician,4723.0,No,3.0
RM1126,29,Research & Development,Healthcare Representative,8853.0,No,3.0
RM1173,29,Sales,Sales Executive,5869.0,No,3.0
RM1189,29,Sales,Sales Executive,4187.0,No,3.0
RM1220,29,Research & Development,Laboratory Technician,2974.0,No,3.0
RM1250,29,Sales,Sales Representative,2760.0,Yes,3.0
RM1251,29,Research & Development,Healthcare Representative,6294.0,No,3.0
RM1259,29,Research & Development,Research Scientist,2109.0,No,3.0
RM1314,29,Human Resources,Human Resources,2335.0,Yes,3.0
RM1319,29,Research & Development,Laboratory Technician,3812.0,No,3.0
RM1325,29,Research & Development,Healthcare Representative,6384.0,No,3.0
RM1330,29,Human Resources,Human Resources,2804.0,No,3.0
RM1333,29,Research & Development,Research Scientist,2439.0,Yes,4.0
RM1344,29,Research & Development,Laboratory Technician,2062.0,No,3.0
RM1366,29,Sales,Sales Representative,1091.0,Yes,3.0
RM1388,29,Research & Development,Healthcare Representative,5373.0,No,3.0
RM1443,29,Research & Development,Research Scientist,4787.0,Yes,3.0
RM1460,29,Research & Development,Laboratory Technician,4025.0,No,3.0
RM1461,29,Research & Development,Research Scientist,3785.0,No,3.0
RM1461,29,Research & Development,Research Scientist,3785.0,No,3.0
RM008,30,Research & Development,Laboratory Technician,2693.0,No,4.0
RM033,30,Research & Development,Laboratory Technician,2206.0,No,3.0
RM045,30,Research & Development,Laboratory Technician,4011.0,No,4.0
RM081,30,Research & Development,Laboratory Technician,5126.0,No,3.0
RM089,30,Research & Development,Healthcare Representative,4152.0,No,3.0
RM093,30,Sales,Sales Executive,5209.0,No,3.0
RM121,30,Research & Development,Research Scientist,2613.0,No,4.0
RM140,30,Human Resources,Human Resources,6347.0,No,3.0
RM144,30,Research & Development,Research Scientist,2632.0,No,3.0
RM146,30,Research & Development,Research Scientist,3204.0,No,3.0
RM147,30,Research & Development,Laboratory Technician,2720.0,No,3.0
RM168,30,Sales,Sales Executive,9419.0,No,3.0
RM174,30,Research & Development,Laboratory Technician,3072.0,No,3.0
RM212,30,Research & Development,Manufacturing Director,8474.0,No,4.0
RM215,30,Research & Development,Research Scientist,2657.0,Yes,3.0
RM217,30,Sales,Sales Executive,6696.0,Yes,3.0
RM325,30,Research & Development,Research Scientist,5775.0,No,3.0
RM339,30,Sales,Sales Executive,6118.0,No,3.0
RM355,30,Sales,Sales Executive,4736.0,No,3.0
RM382,30,Sales,Sales Representative,2476.0,No,3.0
RM386,30,Research & Development,Research Scientist,2285.0,Yes,4.0
RM403,30,Sales,Sales Executive,6577.0,No,3.0
RM411,30,Research & Development,Manufacturing Director,6091.0,No,4.0
RM420,30,Research & Development,Laboratory Technician,2097.0,No,3.0
RM424,30,Sales,Sales Executive,8412.0,No,3.0
RM427,30,Research & Development,Laboratory Technician,2564.0,No,3.0
RM438,30,Sales,Sales Representative,2983.0,No,3.0
RM481,30,Sales,Sales Representative,2033.0,Yes,3.0
RM502,30,Research & Development,Research Scientist,2083.0,No,4.0
RM546,30,Sales,Sales Executive,5304.0,No,4.0
RM582,30,Research & Development,Laboratory Technician,3833.0,No,4.0
RM603,30,Research & Development,Manufacturing Director,6877.0,No,4.0
RM624,30,Research & Development,Research Scientist,3761.0,No,3.0
RM703,30,Sales,Sales Executive,7264.0,No,3.0
RM721,30,Research & Development,Research Scientist,2132.0,Yes,3.0
RM731,30,Research & Development,Research Director,11416.0,No,3.0
RM733,30,Research & Development,Laboratory Technician,2422.0,Yes,3.0
RM783,30,Research & Development,Manufacturing Director,9957.0,No,3.0
RM845,30,Sales,Sales Executive,6578.0,No,3.0
RM866,30,Sales,Sales Executive,4115.0,No,3.0
RM875,30,Research & Development,Laboratory Technician,3491.0,No,3.0
RM887,30,Research & Development,Research Scientist,3579.0,No,4.0
RM932,30,Research & Development,Manufacturing Director,4695.0,No,3.0
RM942,30,Research & Development,Laboratory Technician,4627.0,No,3.0
RM949,30,Research & Development,Manager,11916.0,No,4.0
RM1014,30,Sales,Sales Executive,4779.0,No,3.0
RM1050,30,Sales,Sales Executive,5301.0,No,3.0
RM1053,30,Research & Development,Research Scientist,1274.0,No,3.0
RM1065,30,Human Resources,Human Resources,2064.0,No,4.0
RM1107,30,Sales,Sales Executive,9714.0,Yes,3.0
RM1110,30,Sales,Sales Executive,9250.0,No,3.0
RM1142,30,Research & Development,Research Scientist,2141.0,No,3.0
RM1234,30,Research & Development,Research Scientist,2862.0,No,3.0
RM1245,30,Research & Development,Research Scientist,4968.0,No,3.0
RM1247,30,Human Resources,Human Resources,2180.0,Yes,3.0
RM1252,30,Sales,Sales Executive,7140.0,No,3.0
RM1260,30,Research & Development,Healthcare Representative,5294.0,No,3.0
RM1297,30,Research & Development,Manufacturing Director,9667.0,No,3.0
RM1339,30,Sales,Sales Representative,1081.0,Yes,3.0
RM1413,30,Research & Development,Laboratory Technician,3748.0,No,3.0
RM013,31,Research & Development,Research Scientist,2911.0,No,3.0
RM059,31,Research & Development,Laboratory Technician,5915.0,No,4.0
RM073,31,Research & Development,Research Scientist,2501.0,No,3.0
RM076,31,Research & Development,Manufacturing Director,4424.0,No,4.0
RM125,31,Sales,Sales Executive,6172.0,Yes,3.0
RM133,31,Sales,Sales Executive,4559.0,Yes,3.0
RM181,31,Research & Development,Research Scientist,3929.0,No,4.0
RM225,31,Research & Development,Manufacturing Director,4345.0,No,3.0
RM246,31,Research & Development,Research Director,13675.0,No,3.0
RM260,31,Research & Development,Laboratory Technician,3479.0,Yes,3.0
RM267,31,Research & Development,Healthcare Representative,5582.0,No,4.0
RM293,31,Sales,Sales Representative,2789.0,No,3.0
RM304,31,Sales,Sales Executive,6929.0,No,3.0
RM310,31,Research & Development,Research Scientist,4821.0,No,3.0
RM311,31,Human Resources,Human Resources,6410.0,No,3.0
RM313,31,Research & Development,Research Scientist,2695.0,No,3.0
RM322,31,Sales,Sales Executive,7547.0,No,3.0
RM326,31,Research & Development,Manufacturing Director,8943.0,No,4.0
RM343,31,Research & Development,Manufacturing Director,7143.0,No,3.0
RM370,31,Research & Development,Research Scientist,2657.0,No,3.0
RM395,31,Research & Development,Manufacturing Director,4306.0,No,3.0
RM400,31,Research & Development,Laboratory Technician,2218.0,No,3.0
RM435,31,Research & Development,Manufacturing Director,10648.0,No,4.0
RM440,31,Research & Development,Healthcare Representative,9824.0,Yes,3.0
RM451,31,Sales,Sales Executive,6582.0,No,3.0
RM457,31,Sales,Manager,11557.0,No,4.0
RM483,31,Sales,Sales Executive,4233.0,Yes,3.0
RM485,31,Sales,Sales Executive,5460.0,No,4.0
RM645,31,Research & Development,Research Scientist,2356.0,No,3.0
RM676,31,Sales,Sales Representative,2329.0,No,3.0
RM680,31,Sales,Sales Executive,6932.0,No,3.0
RM691,31,Research & Development,Healthcare Representative,5855.0,No,3.0
RM710,31,Research & Development,Research Scientist,2321.0,Yes,4.0
RM727,31,Research & Development,Manufacturing Director,4148.0,No,3.0
RM819,31,Sales,Sales Representative,2791.0,No,3.0
RM832,31,Research & Development,Laboratory Technician,2610.0,Yes,3.0
RM896,31,Research & Development,Healthcare Representative,6833.0,No,3.0
RM897,31,Research & Development,Healthcare Representative,6812.0,No,3.0
RM951,31,Sales,Sales Executive,9852.0,No,3.0
RM953,31,Sales,Sales Representative,2302.0,Yes,3.0
RM981,31,Sales,Sales Representative,2785.0,Yes,3.0
RM986,31,Research & Development,Manufacturing Director,6179.0,Yes,3.0
RM1013,31,Sales,Sales Representative,1359.0,Yes,3.0
RM1015,31,Research & Development,Research Director,16422.0,No,3.0
RM1017,31,Research & Development,Research Scientist,1261.0,Yes,3.0
RM1031,31,Sales,Sales Executive,10793.0,No,3.0
RM1034,31,Research & Development,Manufacturing Director,7446.0,Yes,3.0
RM1036,31,Human Resources,Human Resources,2109.0,No,3.0
RM1037,31,Research & Development,Laboratory Technician,3722.0,Yes,3.0
RM1086,31,Research & Development,Research Scientist,4084.0,Yes,3.0
RM1145,31,Sales,Sales Executive,5332.0,No,3.0
RM1192,31,Sales,Sales Executive,5476.0,No,3.0
RM1228,31,Research & Development,Laboratory Technician,3477.0,No,3.0
RM1240,31,Research & Development,Manufacturing Director,5238.0,No,4.0
RM1248,31,Sales,Sales Executive,8346.0,No,3.0
RM1258,31,Sales,Sales Executive,8161.0,Yes,3.0
RM1275,31,Sales,Sales Executive,5468.0,No,3.0
RM1307,31,Sales,Sales Executive,9637.0,No,3.0
RM1313,31,Human Resources,Human Resources,2956.0,Yes,3.0
RM1342,31,Research & Development,Laboratory Technician,4197.0,No,3.0
RM1359,31,Sales,Sales Executive,6583.0,No,3.0
RM1361,31,Research & Development,Laboratory Technician,3978.0,No,3.0
RM1383,31,Research & Development,Research Scientist,3065.0,No,3.0
RM1390,31,Research & Development,Research Scientist,5003.0,No,4.0
RM1396,31,Sales,Sales Executive,5617.0,Yes,3.0
RM1403,31,Research & Development,Laboratory Technician,1129.0,No,3.0
RM1406,31,Research & Development,Research Director,11031.0,No,4.0
RM1418,31,Sales,Sales Representative,3067.0,No,3.0
RM1464,31,Research & Development,Manufacturing Director,9936.0,No,3.0
RM1464,31,Research & Development,Manufacturing Director,9936.0,No,3.0
RM006,32,Research & Development,Laboratory Technician,3068.0,No,3.0
RM017,32,Research & Development,Research Scientist,3298.0,No,3.0
RM027,32,Research & Development,Research Scientist,3919.0,Yes,4.0
RM061,32,Research & Development,Manufacturing Director,6162.0,No,4.0
RM074,32,Research & Development,Research Scientist,6220.0,No,3.0
RM095,32,Sales,Sales Executive,5010.0,No,3.0
RM102,32,Research & Development,Research Scientist,2956.0,No,3.0
RM141,32,Research & Development,Laboratory Technician,4200.0,Yes,4.0
RM145,32,Sales,Sales Executive,4668.0,No,3.0
RM155,32,Sales,Sales Executive,8998.0,No,3.0
RM170,32,Research & Development,Research Scientist,3038.0,No,4.0
RM211,32,Sales,Sales Executive,10400.0,Yes,3.0
RM239,32,Sales,Sales Representative,3931.0,No,3.0
RM240,32,Research & Development,Laboratory Technician,3730.0,Yes,3.0
RM242,32,Sales,Sales Executive,4465.0,No,3.0
RM261,32,Research & Development,Laboratory Technician,2794.0,No,4.0
RM263,32,Research & Development,Laboratory Technician,2176.0,No,3.0
RM307,32,Sales,Sales Executive,5484.0,No,3.0
RM320,32,Sales,Sales Executive,5228.0,No,3.0
RM323,32,Research & Development,Research Scientist,5055.0,No,3.0
RM352,32,Research & Development,Laboratory Technician,2370.0,No,3.0
RM470,32,Sales,Sales Executive,4707.0,Yes,3.0
RM501,32,Research & Development,Research Scientist,6322.0,No,3.0
RM528,32,Sales,Sales Executive,5396.0,No,3.0
RM532,32,Research & Development,Research Director,11159.0,No,3.0
RM559,32,Research & Development,Laboratory Technician,5309.0,No,3.0
RM601,32,Research & Development,Manufacturing Director,6162.0,No,3.0
RM623,32,Sales,Sales Executive,4403.0,No,3.0
RM627,32,Research & Development,Research Scientist,5175.0,No,3.0
RM638,32,Research & Development,Laboratory Technician,2314.0,No,3.0
RM642,32,Sales,Sales Executive,6524.0,No,3.0
RM657,32,Research & Development,Laboratory Technician,2795.0,Yes,4.0
RM683,32,Research & Development,Laboratory Technician,2332.0,No,4.0
RM693,32,Research & Development,Manufacturing Director,6725.0,No,3.0
RM757,32,Research & Development,Laboratory Technician,4025.0,No,3.0
RM851,32,Sales,Sales Representative,2827.0,No,3.0
RM881,32,Research & Development,Laboratory Technician,2743.0,No,4.0
RM882,32,Research & Development,Research Scientist,4998.0,No,3.0
RM936,32,Sales,Sales Executive,6209.0,No,3.0
RM940,32,Research & Development,Laboratory Technician,4883.0,Yes,3.0
RM992,32,Sales,Sales Executive,4078.0,No,3.0
RM1027,32,Sales,Sales Executive,9204.0,No,3.0
RM1076,32,Research & Development,Manager,11244.0,No,4.0
RM1102,32,Research & Development,Research Scientist,5878.0,No,3.0
RM1114,32,Research & Development,Research Scientist,4087.0,No,3.0
RM1140,32,Research & Development,Research Scientist,3312.0,No,3.0
RM1191,32,Research & Development,Research Scientist,5470.0,No,3.0
RM1206,32,Research & Development,Laboratory Technician,1393.0,Yes,3.0
RM1227,32,Research & Development,Research Scientist,3433.0,No,3.0
RM1238,32,Sales,Sales Executive,6735.0,Yes,3.0
RM1242,32,Sales,Sales Executive,9610.0,No,3.0
RM1261,32,Research & Development,Research Scientist,2718.0,No,3.0
RM1320,32,Sales,Sales Executive,4648.0,No,3.0
RM1327,32,Sales,Sales Executive,9907.0,Yes,3.0
RM1376,32,Research & Development,Research Scientist,2432.0,Yes,3.0
RM1389,32,Research & Development,Healthcare Representative,6667.0,No,3.0
RM1395,32,Research & Development,Manufacturing Director,9679.0,No,4.0
RM1427,32,Research & Development,Laboratory Technician,2837.0,No,3.0
RM1429,32,Sales,Sales Representative,2269.0,No,3.0
RM1432,32,Sales,Sales Executive,10422.0,No,3.0
RM1450,32,Research & Development,Research Scientist,2439.0,No,3.0
RM004,33,Research & Development,Research Scientist,2909.0,No,3.0
RM031,33,Research & Development,Laboratory Technician,2496.0,No,3.0
RM040,33,Sales,Sales Executive,5376.0,No,3.0
RM056,33,Research & Development,Research Director,13458.0,No,3.0
RM122,33,Sales,Sales Executive,6146.0,No,3.0
RM177,33,Research & Development,Research Scientist,2500.0,No,3.0
RM186,33,Research & Development,Research Scientist,2756.0,No,3.0
RM222,33,Research & Development,Research Scientist,2622.0,No,4.0
RM235,33,Research & Development,Laboratory Technician,2436.0,Yes,3.0
RM237,33,Research & Development,Laboratory Technician,2707.0,Yes,4.0
RM247,33,Research & Development,Research Scientist,2911.0,No,3.0
RM314,33,Research & Development,Manager,11878.0,No,3.0
RM329,33,Sales,Sales Executive,4682.0,No,3.0
RM364,33,Sales,Sales Representative,2851.0,Yes,3.0
RM436,33,Research & Development,Manager,13610.0,Yes,3.0
RM437,33,Research & Development,Laboratory Technician,3408.0,Yes,3.0
RM456,33,Research & Development,Research Director,16184.0,No,3.0
RM500,33,Sales,Sales Executive,7104.0,No,3.0
RM510,33,Research & Development,Healthcare Representative,7725.0,No,4.0
RM515,33,Research & Development,Research Scientist,3348.0,Yes,3.0
RM563,33,Research & Development,Research Scientist,2686.0,Yes,3.0
RM591,33,Research & Development,Research Director,11691.0,No,3.0
RM592,33,Sales,Sales Executive,5324.0,Yes,3.0
RM620,33,Sales,Sales Executive,4037.0,No,4.0
RM656,33,Human Resources,Human Resources,2277.0,No,3.0
RM674,33,Research & Development,Research Scientist,2799.0,No,3.0
RM695,33,Research & Development,Healthcare Representative,6949.0,No,3.0
RM711,33,Sales,Manager,17444.0,No,3.0
RM713,33,Research & Development,Research Scientist,3452.0,No,3.0
RM716,33,Research & Development,Healthcare Representative,5488.0,No,3.0
RM755,33,Sales,Sales Representative,2342.0,No,3.0
RM791,33,Research & Development,Healthcare Representative,7119.0,No,3.0
RM793,33,Research & Development,Research Scientist,4508.0,Yes,4.0
RM799,33,Research & Development,Research Scientist,2313.0,Yes,4.0
RM803,33,Sales,Sales Executive,4302.0,No,3.0
RM830,33,Sales,Sales Executive,8224.0,Yes,3.0
RM864,33,Human Resources,Human Resources,3600.0,No,3.0
RM873,33,Sales,Sales Executive,4539.0,No,3.0
RM884,33,Research & Development,Research Scientist,2781.0,No,3.0
RM909,33,Sales,Sales Executive,8380.0,No,3.0
RM991,33,Sales,Sales Executive,9998.0,No,3.0
RM1048,33,Sales,Sales Executive,4373.0,No,3.0
RM1067,33,Research & Development,Laboratory Technician,3838.0,No,3.0
RM1075,33,Research & Development,Healthcare Representative,6388.0,No,3.0
RM1092,33,Research & Development,Manufacturing Director,4320.0,No,3.0
RM1096,33,Research & Development,Laboratory Technician,5207.0,No,3.0
RM1106,33,Sales,Sales Executive,6392.0,No,3.0
RM1190,33,Sales,Sales Executive,5505.0,No,3.0
RM1199,33,Sales,Sales Executive,5368.0,No,4.0
RM1211,33,Research & Development,Laboratory Technician,2028.0,No,3.0
RM1254,33,Sales,Sales Executive,5147.0,No,3.0
RM1256,33,Sales,Sales Executive,8564.0,Yes,4.0
RM1266,33,Research & Development,Research Scientist,3055.0,No,3.0
RM1283,33,Research & Development,Research Scientist,3143.0,No,3.0
RM1364,33,Sales,Sales Executive,5487.0,No,3.0
RM1399,33,Research & Development,Healthcare Representative,5968.0,No,4.0
RM1416,33,Research & Development,Laboratory Technician,2008.0,No,3.0
RM1426,33,Research & Development,Healthcare Representative,4878.0,No,3.0
RM014,34,Research & Development,Laboratory Technician,2661.0,No,3.0
RM023,34,Research & Development,Research Director,11994.0,No,3.0
RM025,34,Research & Development,Research Scientist,2960.0,Yes,3.0
RM047,34,Sales,Sales Executive,4568.0,No,4.0
RM085,34,Research & Development,Manufacturing Director,4325.0,No,3.0
RM104,34,Research & Development,Research Scientist,4809.0,No,3.0
RM112,34,Research & Development,Laboratory Technician,6074.0,Yes,4.0
RM115,34,Research & Development,Research Scientist,4505.0,No,3.0
RM117,34,Research & Development,Manager,11631.0,No,3.0
RM160,34,Sales,Sales Representative,2231.0,No,3.0
RM182,34,Research & Development,Research Scientist,2311.0,No,3.0
RM189,34,Research & Development,Manufacturing Director,9547.0,No,3.0
RM203,34,Research & Development,Research Scientist,3815.0,No,3.0
RM248,34,Research & Development,Manufacturing Director,5957.0,No,3.0
RM379,34,Sales,Sales Executive,5304.0,Yes,3.0
RM394,34,Sales,Sales Executive,6538.0,No,3.0
RM416,34,Sales,Sales Representative,2351.0,Yes,3.0
RM433,34,Research & Development,Research Scientist,2768.0,No,3.0
RM441,34,Human Resources,Human Resources,9950.0,Yes,3.0
RM463,34,Sales,Sales Executive,5337.0,No,3.0
RM482,34,Research & Development,Research Scientist,3622.0,No,3.0
RM495,34,Sales,Sales Representative,2579.0,No,3.0
RM504,34,Research & Development,Research Scientist,2691.0,No,3.0
RM525,34,Research & Development,Healthcare Representative,8621.0,No,3.0
RM550,34,Research & Development,Healthcare Representative,6142.0,No,3.0
RM561,34,Research & Development,Manufacturing Director,5121.0,No,3.0
RM568,34,Sales,Sales Executive,6274.0,No,4.0
RM575,34,Research & Development,Research Scientist,3280.0,No,3.0
RM580,34,Research & Development,Research Scientist,4381.0,No,3.0
RM584,34,Sales,Sales Executive,6500.0,No,3.0
RM607,34,Research & Development,Research Scientist,2553.0,No,3.0
RM614,34,Human Resources,Human Resources,3737.0,No,3.0
RM672,34,Research & Development,Laboratory Technician,2008.0,No,3.0
RM758,34,Sales,Sales Executive,9725.0,No,3.0
RM764,34,Sales,Sales Representative,2220.0,No,3.0
RM795,34,Research & Development,Healthcare Representative,7756.0,No,3.0
RM804,34,Research & Development,Research Scientist,2979.0,No,3.0
RM823,34,Research & Development,Manufacturing Director,4033.0,No,3.0
RM835,34,Sales,Sales Executive,5714.0,No,4.0
RM848,34,Research & Development,Healthcare Representative,5343.0,No,4.0
RM907,34,Research & Development,Research Scientist,2585.0,No,3.0
RM918,34,Sales,Sales Executive,4538.0,No,3.0
RM921,34,Research & Development,Laboratory Technician,4444.0,No,3.0
RM924,34,Human Resources,Human Resources,4490.0,No,3.0
RM959,34,Research & Development,Healthcare Representative,8500.0,No,3.0
RM965,34,Sales,Sales Executive,6125.0,No,3.0
RM978,34,Research & Development,Research Scientist,2029.0,No,4.0
RM980,34,Research & Development,Laboratory Technician,5429.0,No,3.0
RM984,34,Research & Development,Healthcare Representative,6687.0,No,3.0
RM1016,34,Research & Development,Research Scientist,2996.0,No,3.0
RM1028,34,Research & Development,Laboratory Technician,3294.0,No,3.0
RM1040,34,Human Resources,Human Resources,2742.0,Yes,3.0
RM1049,34,Sales,Sales Executive,4759.0,No,3.0
RM1056,34,Research & Development,Research Director,17007.0,No,3.0
RM1059,34,Sales,Sales Executive,4599.0,Yes,4.0
RM1085,34,Sales,Sales Executive,7083.0,No,3.0
RM1088,34,Sales,Sales Representative,2308.0,No,4.0
RM1116,34,Research & Development,Research Scientist,2972.0,No,3.0
RM1118,34,Research & Development,Research Scientist,5484.0,No,3.0
RM1132,34,Research & Development,Healthcare Representative,5063.0,No,3.0
RM1147,34,Research & Development,Manufacturing Director,4724.0,No,3.0
RM1180,34,Research & Development,Research Scientist,5433.0,No,3.0
RM1209,34,Research & Development,Laboratory Technician,3986.0,No,3.0
RM1213,34,Research & Development,Research Scientist,2929.0,No,3.0
RM1253,34,Research & Development,Research Scientist,2932.0,No,3.0
RM1268,34,Sales,Sales Executive,4001.0,No,3.0
RM1271,34,Sales,Sales Executive,6029.0,No,3.0
RM1291,34,Research & Development,Laboratory Technician,5346.0,Yes,3.0
RM1301,34,Sales,Sales Executive,6799.0,No,4.0
RM1343,34,Sales,Sales Executive,9713.0,No,3.0
RM1354,34,Research & Development,Research Scientist,2307.0,Yes,4.0
RM1360,34,Sales,Sales Executive,8103.0,No,3.0
RM1369,34,Research & Development,Research Scientist,5747.0,No,3.0
RM1385,34,Sales,Sales Executive,9888.0,No,4.0
RM1386,34,Sales,Sales Executive,8628.0,No,3.0
RM1447,34,Sales,Sales Executive,6712.0,No,4.0
RM1470,34,Research & Development,Laboratory Technician,4404.0,No,3.0
RM1470,34,Research & Development,Laboratory Technician,4404.0,No,3.0
RM011,35,Research & Development,Laboratory Technician,2426.0,No,3.0
RM038,35,Sales,Sales Representative,2014.0,No,3.0
RM041,35,Research & Development,Laboratory Technician,1951.0,No,3.0
RM050,35,Research & Development,Laboratory Technician,2269.0,No,3.0
RM054,35,Research & Development,Healthcare Representative,9884.0,No,3.0
RM057,35,Sales,Sales Executive,9069.0,No,4.0
RM058,35,Research & Development,Laboratory Technician,4014.0,No,3.0
RM069,35,Research & Development,Research Scientist,2194.0,No,3.0
RM077,35,Sales,Sales Executive,4312.0,No,3.0
RM082,35,Research & Development,Research Scientist,2859.0,No,3.0
RM152,35,Sales,Sales Executive,7295.0,No,3.0
RM193,35,Research & Development,Manufacturing Director,5916.0,Yes,3.0
RM197,35,Research & Development,Laboratory Technician,4425.0,No,3.0
RM229,35,Sales,Sales Executive,8789.0,No,3.0
RM277,35,Research & Development,Manager,11996.0,No,3.0
RM298,35,Sales,Sales Executive,8020.0,No,3.0
RM345,35,Research & Development,Manufacturing Director,8095.0,No,3.0
RM373,35,Research & Development,Healthcare Representative,6540.0,No,3.0
RM431,35,Research & Development,Laboratory Technician,4230.0,No,3.0
RM439,35,Research & Development,Healthcare Representative,7632.0,No,3.0
RM448,35,Sales,Sales Executive,4717.0,No,3.0
RM462,35,Sales,Sales Executive,4859.0,No,3.0
RM484,35,Research & Development,Laboratory Technician,3681.0,No,3.0
RM509,35,Research & Development,Research Scientist,6646.0,No,3.0
RM516,35,Research & Development,Laboratory Technician,1281.0,No,3.0
RM558,35,Research & Development,Healthcare Representative,5093.0,No,3.0
RM581,35,Sales,Sales Representative,2572.0,No,3.0
RM597,35,Research & Development,Research Scientist,2506.0,No,3.0
RM612,35,Research & Development,Manufacturing Director,10221.0,No,4.0
RM621,35,Research & Development,Research Scientist,2559.0,No,3.0
RM636,35,Research & Development,Manufacturing Director,10685.0,No,4.0
RM637,35,Research & Development,Research Scientist,2022.0,Yes,3.0
RM648,35,Research & Development,Manufacturing Director,10903.0,No,3.0
RM677,35,Research & Development,Healthcare Representative,4014.0,No,4.0
RM699,35,Sales,Sales Executive,4601.0,No,3.0
RM705,35,Sales,Sales Executive,7823.0,No,3.0
RM726,35,Research & Development,Laboratory Technician,3743.0,Yes,4.0
RM730,35,Research & Development,Healthcare Representative,10388.0,No,3.0
RM741,35,Research & Development,Laboratory Technician,3917.0,No,4.0
RM792,35,Sales,Sales Executive,9582.0,Yes,4.0
RM821,35,Sales,Sales Executive,4968.0,No,3.0
RM836,35,Human Resources,Human Resources,4323.0,No,3.0
RM841,35,Research & Development,Laboratory Technician,2258.0,No,3.0
RM847,35,Research & Development,Manufacturing Director,10274.0,No,3.0
RM849,35,Research & Development,Laboratory Technician,2376.0,No,3.0
RM871,35,Sales,Sales Executive,8966.0,No,3.0
RM889,35,Sales,Sales Executive,10377.0,No,3.0
RM925,35,Research & Development,Research Scientist,3506.0,No,3.0
RM962,35,Research & Development,Research Scientist,4249.0,No,3.0
RM974,35,Research & Development,Laboratory Technician,5363.0,No,3.0
RM982,35,Sales,Sales Executive,4614.0,Yes,3.0
RM1003,35,Research & Development,Manufacturing Director,9362.0,No,3.0
RM1060,35,Sales,Sales Representative,2404.0,No,3.0
RM1082,35,Research & Development,Healthcare Representative,8606.0,No,3.0
RM1101,35,Sales,Sales Representative,2430.0,No,4.0
RM1109,35,Research & Development,Laboratory Technician,2450.0,No,3.0
RM1111,35,Research & Development,Laboratory Technician,2074.0,Yes,3.0
RM1124,35,Research & Development,Healthcare Representative,6142.0,No,3.0
RM1131,35,Research & Development,Laboratory Technician,3407.0,No,3.0
RM1135,35,Research & Development,Laboratory Technician,2690.0,No,3.0
RM1151,35,Research & Development,Research Scientist,5208.0,No,3.0
RM1158,35,Research & Development,Healthcare Representative,4148.0,No,3.0
RM1163,35,Sales,Sales Executive,10306.0,Yes,3.0
RM1168,35,Sales,Sales Executive,5440.0,Yes,3.0
RM1187,35,Sales,Sales Executive,4581.0,Yes,4.0
RM1216,35,Research & Development,Research Scientist,4930.0,No,3.0
RM1233,35,Research & Development,Manufacturing Director,6883.0,No,3.0
RM1282,35,Sales,Sales Executive,5813.0,Yes,3.0
RM1289,35,Research & Development,Manufacturing Director,5762.0,No,3.0
RM1303,35,Research & Development,Laboratory Technician,2705.0,No,3.0
RM1346,35,Research & Development,Manufacturing Director,4788.0,No,3.0
RM1381,35,Sales,Sales Executive,5561.0,No,3.0
RM1393,35,Sales,Sales Executive,5204.0,No,3.0
RM1423,35,Research & Development,Laboratory Technician,2660.0,No,3.0
RM1425,35,Research & Development,Research Scientist,5098.0,No,3.0
RM1451,35,Human Resources,Human Resources,8837.0,No,3.0
RM1457,35,Research & Development,Healthcare Representative,5689.0,No,3.0
RM1459,35,Research & Development,Research Scientist,2977.0,No,3.0
RM010,36,Research & Development,Healthcare Representative,5237.0,No,3.0
RM022,36,Sales,Sales Representative,3407.0,Yes,4.0
RM039,36,Research & Development,Research Scientist,3419.0,No,3.0
RM065,36,Research & Development,Healthcare Representative,10096.0,No,3.0
RM067,36,Research & Development,Manufacturing Director,6499.0,No,3.0
RM070,36,Research & Development,Research Scientist,3388.0,Yes,3.0
RM075,36,Research & Development,Laboratory Technician,3038.0,No,3.0
RM118,36,Sales,Sales Executive,9738.0,No,3.0
RM119,36,Research & Development,Laboratory Technician,2835.0,No,4.0
RM136,36,Research & Development,Manufacturing Director,4941.0,No,4.0
RM173,36,Research & Development,Laboratory Technician,2088.0,No,3.0
RM208,36,Research & Development,Laboratory Technician,2153.0,No,3.0
RM221,36,Research & Development,Laboratory Technician,5914.0,No,3.0
RM270,36,Research & Development,Laboratory Technician,3210.0,No,3.0
RM292,36,Research & Development,Research Scientist,4485.0,No,3.0
RM299,36,Research & Development,Laboratory Technician,3688.0,No,3.0
RM306,36,Research & Development,Laboratory Technician,5674.0,No,3.0
RM359,36,Sales,Sales Executive,6653.0,No,3.0
RM360,36,Sales,Sales Executive,9699.0,No,3.0
RM378,36,Research & Development,Research Scientist,2543.0,No,3.0
RM385,36,Sales,Sales Executive,7596.0,No,3.0
RM443,36,Sales,Sales Executive,9980.0,No,3.0
RM512,36,Research & Development,Manufacturing Director,8847.0,No,3.0
RM542,36,Research & Development,Research Director,11713.0,No,3.0
RM570,36,Sales,Sales Executive,7587.0,No,3.0
RM594,36,Research & Development,Manufacturing Director,5228.0,No,3.0
RM600,36,Human Resources,Human Resources,2143.0,No,3.0
RM622,36,Sales,Sales Executive,6201.0,No,3.0
RM634,36,Human Resources,Human Resources,2342.0,No,4.0
RM665,36,Research & Development,Healthcare Representative,6586.0,No,3.0
RM681,36,Research & Development,Research Scientist,4678.0,No,3.0
RM688,36,Research & Development,Laboratory Technician,2519.0,No,4.0
RM694,36,Sales,Sales Executive,10325.0,Yes,3.0
RM709,36,Sales,Sales Executive,5079.0,No,3.0
RM753,36,Research & Development,Laboratory Technician,2743.0,Yes,3.0
RM762,36,Research & Development,Laboratory Technician,4834.0,Yes,3.0
RM774,36,Research & Development,Manufacturing Director,8858.0,No,3.0
RM818,36,Research & Development,Manufacturing Director,7779.0,No,4.0
RM874,36,Research & Development,Laboratory Technician,2741.0,No,3.0
RM883,36,Research & Development,Manufacturing Director,10252.0,No,4.0
RM901,36,Research & Development,Research Scientist,3692.0,No,3.0
RM928,36,Research & Development,Manufacturing Director,5410.0,No,3.0
RM943,36,Research & Development,Healthcare Representative,7094.0,No,3.0
RM969,36,Sales,Sales Executive,4639.0,No,3.0
RM1012,36,Sales,Sales Executive,9278.0,No,3.0
RM1019,36,Research & Development,Laboratory Technician,5810.0,No,3.0
RM1020,36,Sales,Sales Executive,5647.0,No,3.0
RM1103,36,Sales,Sales Representative,2644.0,No,4.0
RM1122,36,Sales,Sales Executive,6815.0,No,3.0
RM1129,36,Research & Development,Laboratory Technician,5562.0,No,3.0
RM1146,36,Research & Development,Manufacturing Director,4663.0,No,3.0
RM1174,36,Research & Development,Healthcare Representative,8008.0,No,3.0
RM1181,36,Research & Development,Laboratory Technician,2013.0,No,3.0
RM1183,36,Research & Development,Manufacturing Director,4374.0,No,3.0
RM1184,36,Research & Development,Healthcare Representative,6842.0,No,4.0
RM1200,36,Research & Development,Healthcare Representative,5347.0,No,3.0
RM1221,36,Sales,Sales Representative,4502.0,No,3.0
RM1237,36,Sales,Sales Executive,6134.0,Yes,3.0
RM1279,36,Research & Development,Healthcare Representative,8321.0,No,3.0
RM1316,36,Research & Development,Research Scientist,6962.0,No,4.0
RM1341,36,Sales,Sales Executive,5673.0,No,3.0
RM1348,36,Human Resources,Human Resources,3886.0,No,4.0
RM1356,36,Sales,Sales Executive,5507.0,No,3.0
RM1384,36,Research & Development,Laboratory Technician,2810.0,No,4.0
RM1440,36,Sales,Sales Executive,7644.0,No,3.0
RM1441,36,Research & Development,Manufacturing Director,5131.0,No,3.0
RM1448,36,Sales,Sales Executive,5406.0,No,4.0
RM1454,36,Sales,Sales Executive,6652.0,No,3.0
RM1466,36,Research & Development,Laboratory Technician,2571.0,No,3.0
RM1466,36,Research & Development,Laboratory Technician,2571.0,No,3.0
RM003,37,Research & Development,Laboratory Technician,2090.0,Yes,3.0
RM048,37,Research & Development,Research Scientist,3022.0,No,4.0
RM060,37,Research & Development,Manufacturing Director,5993.0,No,3.0
RM079,37,Research & Development,Research Director,13664.0,No,3.0
RM101,37,Human Resources,Human Resources,2073.0,Yes,4.0
RM105,37,Research & Development,Healthcare Representative,5163.0,No,3.0
RM116,37,Sales,Sales Executive,7428.0,No,3.0
RM196,37,Research & Development,Research Scientist,3564.0,No,3.0
RM223,37,Research & Development,Research Director,12185.0,No,3.0
RM227,37,Sales,Sales Representative,2793.0,No,3.0
RM249,37,Research & Development,Research Scientist,3920.0,No,3.0
RM251,37,Research & Development,Manufacturing Director,10048.0,Yes,3.0
RM274,37,Sales,Sales Executive,6502.0,No,3.0
RM276,37,Research & Development,Research Director,13603.0,No,3.0
RM286,37,Research & Development,Research Scientist,2115.0,No,3.0
RM295,37,Research & Development,Research Scientist,2326.0,No,3.0
RM341,37,Research & Development,Manufacturing Director,6347.0,No,3.0
RM354,37,Research & Development,Research Scientist,5974.0,No,3.0
RM365,37,Research & Development,Laboratory Technician,3452.0,No,4.0
RM387,37,Research & Development,Laboratory Technician,3034.0,No,3.0
RM390,37,Research & Development,Manufacturing Director,4197.0,No,3.0
RM399,37,Research & Development,Research Scientist,4449.0,No,3.0
RM465,37,Research & Development,Manufacturing Director,7491.0,No,3.0
RM468,37,Sales,Sales Executive,8834.0,No,3.0
RM473,37,Research & Development,Manufacturing Director,6447.0,No,3.0
RM487,37,Sales,Sales Executive,9602.0,No,3.0
RM507,37,Research & Development,Manufacturing Director,9434.0,No,3.0
RM523,37,Research & Development,Research Scientist,4680.0,No,3.0
RM578,37,Research & Development,Research Scientist,2782.0,No,3.0
RM629,37,Sales,Sales Executive,6334.0,No,3.0
RM649,37,Sales,Sales Representative,2973.0,No,3.0
RM653,37,Sales,Sales Executive,7642.0,No,3.0
RM696,37,Sales,Sales Executive,10609.0,Yes,3.0
RM745,37,Research & Development,Healthcare Representative,4777.0,Yes,3.0
RM768,37,Research & Development,Healthcare Representative,4107.0,No,3.0
RM796,37,Sales,Sales Executive,6694.0,No,3.0
RM833,37,Research & Development,Healthcare Representative,5731.0,No,3.0
RM856,37,Research & Development,Manufacturing Director,6474.0,No,3.0
RM990,37,Research & Development,Research Scientist,2996.0,No,3.0
RM1002,37,Research & Development,Laboratory Technician,3629.0,No,3.0
RM1023,37,Research & Development,Laboratory Technician,3500.0,No,3.0
RM1090,37,Research & Development,Research Scientist,4285.0,No,3.0
RM1159,37,Research & Development,Manufacturing Director,5768.0,No,3.0
RM1164,37,Research & Development,Research Scientist,3936.0,No,3.0
RM1212,37,Sales,Sales Executive,9525.0,No,3.0
RM1277,37,Sales,Sales Executive,4189.0,No,3.0
RM1281,37,Human Resources,Human Resources,4071.0,No,3.0
RM1292,37,Research & Development,Manufacturing Director,4213.0,Yes,3.0
RM1345,37,Research & Development,Research Scientist,4284.0,No,4.0
RM1433,37,Research & Development,Research Director,13744.0,No,4.0
RM009,38,Research & Development,Manufacturing Director,9526.0,No,4.0
RM020,38,Research & Development,Research Scientist,3944.0,No,3.0
RM062,38,Research & Development,Laboratory Technician,2406.0,No,3.0
RM084,38,Research & Development,Research Scientist,5329.0,No,3.0
RM143,38,Research & Development,Research Scientist,4317.0,No,4.0
RM169,38,Sales,Sales Executive,8686.0,No,4.0
RM180,38,Research & Development,Laboratory Technician,2288.0,No,3.0
RM199,38,Research & Development,Manufacturing Director,6553.0,No,3.0
RM200,38,Research & Development,Manufacturing Director,6261.0,No,3.0
RM205,38,Research & Development,Healthcare Representative,6673.0,Yes,3.0
RM224,38,Sales,Sales Executive,10609.0,No,3.0
RM262,38,Sales,Sales Executive,5249.0,No,3.0
RM278,38,Sales,Sales Executive,5605.0,No,4.0
RM288,38,Research & Development,Healthcare Representative,5745.0,No,3.0
RM308,38,Research & Development,Research Director,12061.0,No,3.0
RM342,38,Research & Development,Research Director,11510.0,No,3.0
RM417,38,Research & Development,Laboratory Technician,1702.0,No,4.0
RM472,38,Research & Development,Healthcare Representative,9824.0,No,3.0
RM491,38,Research & Development,Research Scientist,2619.0,No,3.0
RM519,38,Sales,Sales Executive,4028.0,No,4.0
RM530,38,Research & Development,Healthcare Representative,7625.0,No,3.0
RM543,38,Research & Development,Manufacturing Director,7861.0,No,3.0
RM560,38,Research & Development,Research Scientist,3057.0,No,3.0
RM579,38,Research & Development,Manufacturing Director,5980.0,No,3.0
RM606,38,Research & Development,Healthcare Representative,6288.0,No,3.0
RM643,38,Sales,Sales Representative,2899.0,No,3.0
RM682,38,Research & Development,Research Director,13582.0,No,3.0
RM704,38,Sales,Sales Executive,5666.0,No,3.0
RM723,38,Research & Development,Research Scientist,2684.0,No,3.0
RM748,38,Sales,Sales Executive,6861.0,No,3.0
RM766,38,Research & Development,Research Scientist,2821.0,No,3.0
RM785,38,Research & Development,Healthcare Representative,8823.0,No,3.0
RM808,38,Sales,Sales Executive,8740.0,No,3.0
RM812,38,Sales,Sales Executive,7351.0,No,3.0
RM827,38,Human Resources,Human Resources,2844.0,No,3.0
RM964,38,Sales,Sales Executive,6893.0,No,3.0
RM983,38,Research & Development,Research Scientist,2610.0,No,3.0
RM1108,38,Human Resources,Human Resources,6077.0,No,3.0
RM1113,38,Research & Development,Manufacturing Director,4855.0,Yes,3.0
RM1120,38,Sales,Sales Executive,9924.0,No,3.0
RM1121,38,Sales,Sales Executive,4198.0,No,3.0
RM1162,38,Research & Development,Manufacturing Director,7756.0,No,3.0
RM1188,38,Research & Development,Research Scientist,4735.0,No,3.0
RM1194,38,Research & Development,Laboratory Technician,2440.0,No,4.0
RM1203,38,Research & Development,Laboratory Technician,3306.0,No,3.0
RM1257,38,Research & Development,Laboratory Technician,2468.0,No,3.0
RM1262,38,Research & Development,Healthcare Representative,5811.0,No,3.0
RM1273,38,Research & Development,Laboratory Technician,3702.0,No,3.0
RM1290,38,Human Resources,Human Resources,2592.0,No,3.0
RM1309,38,Sales,Sales Representative,5405.0,No,4.0
RM1374,38,Research & Development,Research Scientist,2133.0,No,3.0
RM1377,38,Research & Development,Research Scientist,4771.0,No,3.0
RM1392,38,Sales,Sales Representative,2858.0,No,3.0
RM1401,38,Human Resources,Human Resources,2991.0,No,3.0
RM1417,38,Sales,Sales Executive,4440.0,No,3.0
RM1419,38,Research & Development,Manufacturing Director,5321.0,No,3.0
RM1431,38,Research & Development,Research Director,13206.0,No,3.0
RM1452,38,Sales,Sales Executive,5343.0,No,3.0
RM034,39,Sales,Sales Representative,2086.0,Yes,3.0
RM138,39,Sales,Sales Executive,5902.0,No,3.0
RM241,39,Research & Development,Laboratory Technician,2232.0,No,3.0
RM252,39,Research & Development,Healthcare Representative,10938.0,No,4.0
RM305,39,Research & Development,Healthcare Representative,9613.0,No,3.0
RM315,39,Research & Development,Manager,17068.0,No,3.0
RM327,39,Research & Development,Manager,19272.0,No,3.0
RM328,39,Sales,Sales Executive,5238.0,Yes,3.0
RM401,39,Research & Development,Manager,19197.0,No,3.0
RM450,39,Research & Development,Laboratory Technician,3755.0,No,3.0
RM527,39,Research & Development,Healthcare Representative,4553.0,No,3.0
RM552,39,Human Resources,Human Resources,6389.0,No,3.0
RM655,39,Human Resources,Human Resources,5204.0,No,3.0
RM670,39,Research & Development,Laboratory Technician,2404.0,Yes,4.0
RM706,39,Sales,Sales Executive,7880.0,No,3.0
RM739,39,Research & Development,Manufacturing Director,12742.0,No,3.0
RM754,39,Research & Development,Manufacturing Director,10880.0,No,3.0
RM814,39,Research & Development,Healthcare Representative,12169.0,Yes,3.0
RM817,39,Research & Development,Laboratory Technician,6782.0,No,3.0
RM938,39,Research & Development,Manager,17123.0,No,3.0
RM941,39,Research & Development,Research Scientist,3904.0,Yes,3.0
RM950,39,Research & Development,Manufacturing Director,4534.0,No,3.0
RM987,39,Sales,Sales Executive,6120.0,No,3.0
RM993,39,Research & Development,Healthcare Representative,10920.0,No,4.0
RM1033,39,Research & Development,Laboratory Technician,3646.0,Yes,4.0
RM1080,39,Research & Development,Manufacturing Director,8376.0,No,3.0
RM1125,39,Sales,Sales Executive,8237.0,No,3.0
RM1149,39,Research & Development,Manufacturing Director,5377.0,No,3.0
RM1156,39,Research & Development,Laboratory Technician,3069.0,No,3.0
RM1160,39,Research & Development,Manufacturing Director,5042.0,No,3.0
RM1176,39,Research & Development,Manufacturing Director,5295.0,No,4.0
RM1241,39,Research & Development,Laboratory Technician,6472.0,No,3.0
RM1285,39,Research & Development,Research Director,13464.0,No,4.0
RM1293,39,Sales,Sales Executive,4127.0,No,3.0
RM1336,39,Research & Development,Research Scientist,3902.0,No,3.0
RM1367,39,Sales,Sales Executive,5736.0,No,3.0
RM1373,39,Research & Development,Manufacturing Director,5151.0,No,4.0
RM1404,39,Sales,Sales Executive,13341.0,No,3.0
RM1430,39,Research & Development,Research Scientist,4108.0,No,3.0
RM1438,39,Research & Development,Manager,19431.0,No,3.0
RM1463,39,Sales,Sales Executive,12031.0,No,3.0
RM1467,39,Research & Development,Healthcare Representative,9991.0,No,3.0
RM1463,39,Sales,Sales Executive,12031.0,No,3.0
RM1467,39,Research & Development,Healthcare Representative,9991.0,No,3.0
RM091,40,Research & Development,Healthcare Representative,13503.0,No,4.0
RM151,40,Research & Development,Research Scientist,5605.0,No,3.0
RM159,40,Sales,Sales Executive,10855.0,No,3.0
RM187,40,Research & Development,Manager,19033.0,No,3.0
RM204,40,Research & Development,Laboratory Technician,2741.0,No,3.0
RM209,40,Research & Development,Healthcare Representative,4876.0,No,3.0
RM244,40,Research & Development,Research Scientist,3319.0,No,3.0
RM258,40,Research & Development,Research Director,19436.0,No,3.0
RM336,40,Sales,Sales Executive,7457.0,No,4.0
RM362,40,Research & Development,Laboratory Technician,2213.0,No,3.0
RM369,40,Sales,Sales Executive,6380.0,Yes,3.0
RM388,40,Sales,Sales Executive,5715.0,No,3.0
RM392,40,Research & Development,Laboratory Technician,3448.0,No,4.0
RM418,40,Sales,Manager,18041.0,No,3.0
RM449,40,Research & Development,Manufacturing Director,13237.0,No,3.0
RM459,40,Sales,Sales Executive,10932.0,No,3.0
RM534,40,Sales,Sales Executive,10475.0,No,4.0
RM554,40,Research & Development,Research Scientist,2342.0,No,4.0
RM583,40,Research & Development,Healthcare Representative,4244.0,No,4.0
RM602,40,Research & Development,Laboratory Technician,5094.0,No,3.0
RM685,40,Sales,Sales Executive,9705.0,No,3.0
RM692,40,Research & Development,Research Scientist,3617.0,No,3.0
RM707,40,Sales,Sales Executive,13194.0,Yes,3.0
RM769,40,Sales,Sales Executive,8396.0,No,3.0
RM786,40,Research & Development,Healthcare Representative,10322.0,No,4.0
RM815,40,Research & Development,Research Director,19626.0,No,3.0
RM838,40,Research & Development,Research Director,13499.0,No,3.0
RM846,40,Research & Development,Research Scientist,4422.0,No,3.0
RM867,40,Sales,Sales Executive,4327.0,No,3.0
RM885,40,Sales,Sales Executive,6852.0,No,3.0
RM947,40,Sales,Sales Executive,9094.0,Yes,3.0
RM958,40,Research & Development,Research Scientist,3544.0,No,3.0
RM960,40,Research & Development,Research Scientist,4661.0,No,3.0
RM968,40,Research & Development,Laboratory Technician,2387.0,No,4.0
RM979,40,Research & Development,Healthcare Representative,6377.0,No,4.0
RM1030,40,Research & Development,Laboratory Technician,3975.0,No,3.0
RM1041,40,Research & Development,Research Director,13757.0,No,3.0
RM1046,40,Research & Development,Research Scientist,2345.0,No,3.0
RM1084,40,Research & Development,Laboratory Technician,2018.0,Yes,3.0
RM1095,40,Sales,Sales Executive,5473.0,No,3.0
RM1097,40,Human Resources,Manager,16437.0,No,4.0
RM1099,40,Research & Development,Healthcare Representative,4069.0,No,3.0
RM1133,40,Sales,Sales Executive,4639.0,No,3.0
RM1157,40,Research & Development,Manufacturing Director,10435.0,No,3.0
RM1165,40,Research & Development,Manufacturing Director,7945.0,No,3.0
RM1172,40,Research & Development,Laboratory Technician,2166.0,Yes,3.0
RM1230,40,Research & Development,Manufacturing Director,6516.0,No,3.0
RM1243,40,Sales,Manager,19833.0,No,3.0
RM1287,40,Research & Development,Laboratory Technician,3377.0,No,3.0
RM1300,40,Research & Development,Healthcare Representative,6513.0,No,3.0
RM1305,40,Research & Development,Healthcare Representative,4448.0,No,3.0
RM1349,40,Research & Development,Manager,16823.0,No,3.0
RM1410,40,Research & Development,Laboratory Technician,6323.0,No,3.0
RM1411,40,Sales,Sales Executive,5677.0,No,3.0
RM1428,40,Research & Development,Laboratory Technician,2406.0,No,3.0
RM1456,40,Research & Development,Research Scientist,2809.0,No,3.0
RM1458,40,Research & Development,Research Scientist,2001.0,No,3.0
RM001,41,Sales,Sales Executive,5993.0,Yes,3.0
RM046,41,Research & Development,Research Director,19545.0,Yes,3.0
RM134,41,Sales,Sales Executive,8189.0,No,3.0
RM148,41,Research & Development,Manager,17181.0,No,3.0
RM149,41,Research & Development,Laboratory Technician,2238.0,No,4.0
RM167,41,Research & Development,Research Scientist,2451.0,No,3.0
RM183,41,Sales,Sales Representative,3140.0,Yes,4.0
RM216,41,Sales,Manager,13591.0,No,3.0
RM243,41,Research & Development,Research Scientist,3072.0,No,3.0
RM301,41,Sales,Manager,16015.0,No,3.0
RM347,41,Research & Development,Manufacturing Director,6032.0,No,3.0
RM367,41,Sales,Sales Executive,9355.0,Yes,3.0
RM404,41,Sales,Sales Executive,8392.0,No,3.0
RM447,41,Sales,Sales Executive,6230.0,No,3.0
RM460,41,Research & Development,Healthcare Representative,6811.0,No,3.0
RM467,41,Sales,Manager,16595.0,No,3.0
RM536,41,Human Resources,Manager,19141.0,No,3.0
RM539,41,Human Resources,Manager,19189.0,No,3.0
RM668,41,Research & Development,Laboratory Technician,2778.0,Yes,3.0
RM687,41,Research & Development,Laboratory Technician,4721.0,No,3.0
RM717,41,Research & Development,Research Director,19419.0,No,3.0
RM738,41,Research & Development,Manufacturing Director,5003.0,No,3.0
RM747,41,Research & Development,Research Director,19973.0,No,4.0
RM784,41,Research & Development,Research Scientist,3376.0,No,3.0
RM831,41,Research & Development,Laboratory Technician,4766.0,No,3.0
RM865,41,Research & Development,Research Scientist,2107.0,Yes,3.0
RM952,41,Sales,Sales Executive,6151.0,No,3.0
RM961,41,Sales,Sales Executive,4103.0,No,3.0
RM989,41,Research & Development,Research Scientist,5467.0,No,3.0
RM1029,41,Research & Development,Research Scientist,2127.0,No,3.0
RM1197,41,Sales,Sales Executive,7082.0,No,3.0
RM1219,41,Sales,Sales Executive,9241.0,No,3.0
RM1229,41,Human Resources,Human Resources,6430.0,No,3.0
RM1267,41,Research & Development,Laboratory Technician,2289.0,No,4.0
RM1295,41,Research & Development,Healthcare Representative,6870.0,No,3.0
RM1296,41,Sales,Sales Executive,10447.0,No,3.0
RM1357,41,Sales,Sales Executive,4393.0,No,4.0
RM1421,41,Research & Development,Research Scientist,2782.0,No,4.0
RM1446,41,Research & Development,Manufacturing Director,13570.0,No,4.0
RM1449,41,Sales,Sales Executive,8938.0,No,3.0
RM028,42,Sales,Sales Executive,6825.0,No,3.0
RM198,42,Research & Development,Manufacturing Director,5265.0,No,3.0
RM232,42,Research & Development,Manager,19232.0,No,3.0
RM254,42,Research & Development,Research Scientist,6545.0,No,3.0
RM257,42,Research & Development,Laboratory Technician,2593.0,No,3.0
RM282,42,Sales,Sales Executive,4907.0,No,4.0
RM296,42,Sales,Sales Executive,13525.0,No,3.0
RM349,42,Research & Development,Research Director,15992.0,No,3.0
RM351,42,Human Resources,Human Resources,2696.0,No,3.0
RM357,42,Research & Development,Healthcare Representative,6781.0,No,4.0
RM389,42,Research & Development,Laboratory Technician,2576.0,No,3.0
RM410,42,Research & Development,Research Scientist,4556.0,No,3.0
RM414,42,Research & Development,Healthcare Representative,4523.0,No,3.0
RM442,42,Research & Development,Laboratory Technician,2093.0,No,3.0
RM452,42,Research & Development,Manufacturing Director,7406.0,No,4.0
RM489,42,Research & Development,Healthcare Representative,4089.0,No,3.0
RM548,42,Research & Development,Research Scientist,2759.0,Yes,3.0
RM585,42,Research & Development,Manager,18430.0,No,3.0
RM598,42,Research & Development,Manufacturing Director,6062.0,No,3.0
RM605,42,Research & Development,Manufacturing Director,4434.0,No,3.0
RM633,42,Research & Development,Research Scientist,2515.0,No,3.0
RM644,42,Research & Development,Laboratory Technician,5231.0,No,3.0
RM673,42,Sales,Sales Executive,6244.0,No,3.0
RM742,42,Sales,Manager,18303.0,No,3.0
RM800,42,Research & Development,Manager,17665.0,No,3.0
RM825,42,Research & Development,Laboratory Technician,4272.0,No,3.0
RM839,42,Sales,Sales Executive,13758.0,Yes,3.0
RM840,42,Sales,Sales Executive,5155.0,No,3.0
RM879,42,Human Resources,Human Resources,6272.0,No,3.0
RM888,42,Research & Development,Research Director,13191.0,No,3.0
RM926,42,Research & Development,Research Scientist,2372.0,No,3.0
RM955,42,Research & Development,Manager,17861.0,No,3.0
RM1000,42,Human Resources,Manager,16799.0,No,3.0
RM1051,42,Research & Development,Laboratory Technician,3673.0,No,3.0
RM1089,42,Research & Development,Laboratory Technician,4841.0,No,3.0
RM1094,42,Research & Development,Healthcare Representative,10124.0,No,3.0
RM1130,42,Research & Development,Manager,19613.0,No,4.0
RM1264,42,Research & Development,Laboratory Technician,2766.0,No,4.0
RM1288,42,Research & Development,Healthcare Representative,5538.0,No,3.0
RM1321,42,Research & Development,Research Scientist,2936.0,No,4.0
RM1326,42,Research & Development,Laboratory Technician,3968.0,No,3.0
RM1358,42,Research & Development,Research Director,13348.0,No,3.0
RM1379,42,Sales,Sales Executive,5087.0,No,3.0
RM1405,42,Research & Development,Research Scientist,4332.0,No,3.0
RM1420,42,Research & Development,Research Scientist,5410.0,No,3.0
RM1444,42,Research & Development,Manager,18880.0,No,3.0
RM036,43,Research & Development,Research Scientist,2645.0,No,3.0
RM120,43,Sales,Manager,16959.0,No,3.0
RM131,43,Research & Development,Research Scientist,4739.0,No,3.0
RM194,43,Research & Development,Research Scientist,2089.0,No,3.0
RM236,43,Sales,Manager,16064.0,No,4.0
RM316,43,Research & Development,Laboratory Technician,2455.0,No,3.0
RM331,43,Research & Development,Laboratory Technician,5257.0,No,3.0
RM334,43,Research & Development,Healthcare Representative,9985.0,No,3.0
RM391,43,Research & Development,Research Director,14336.0,No,3.0
RM396,43,Research & Development,Laboratory Technician,2258.0,No,4.0
RM397,43,Research & Development,Healthcare Representative,4522.0,No,3.0
RM490,43,Research & Development,Research Director,16627.0,No,3.0
RM492,43,Research & Development,Laboratory Technician,5679.0,No,3.0
RM549,43,Sales,Sales Executive,6804.0,No,3.0
RM610,43,Research & Development,Research Director,17159.0,No,4.0
RM651,43,Research & Development,Healthcare Representative,5562.0,No,3.0
RM662,43,Research & Development,Manufacturing Director,4765.0,No,4.0
RM776,43,Sales,Sales Executive,10798.0,No,3.0
RM813,43,Research & Development,Manufacturing Director,10820.0,No,3.0
RM850,43,Sales,Sales Executive,5346.0,Yes,3.0
RM899,43,Research & Development,Research Director,19740.0,No,3.0
RM927,43,Sales,Sales Executive,10231.0,No,3.0
RM996,43,Research & Development,Research Scientist,4081.0,No,3.0
RM1134,43,Research & Development,Laboratory Technician,4876.0,No,3.0
RM1186,43,Research & Development,Research Director,17603.0,No,4.0
RM1217,43,Sales,Sales Executive,7847.0,No,3.0
RM1263,43,Research & Development,Research Scientist,2437.0,Yes,3.0
RM1270,43,Human Resources,Human Resources,3539.0,No,3.0
RM1294,43,Research & Development,Research Scientist,2438.0,No,3.0
RM1317,43,Sales,Sales Executive,5675.0,No,4.0
RM1331,43,Research & Development,Manager,19392.0,No,3.0
RM1400,43,Research & Development,Healthcare Representative,7510.0,No,3.0
RM029,44,Research & Development,Healthcare Representative,10248.0,No,3.0
RM032,44,Research & Development,Healthcare Representative,6465.0,No,3.0
RM053,44,Sales,Sales Executive,5454.0,No,4.0
RM100,44,Research & Development,Laboratory Technician,2042.0,No,3.0
RM287,44,Research & Development,Laboratory Technician,3161.0,Yes,4.0
RM494,44,Human Resources,Human Resources,5985.0,No,3.0
RM498,44,Research & Development,Manager,19513.0,No,3.0
RM544,44,Research & Development,Laboratory Technician,3708.0,No,3.0
RM618,44,Research & Development,Healthcare Representative,5933.0,No,3.0
RM632,44,Research & Development,Laboratory Technician,2818.0,No,4.0
RM659,44,Research & Development,Research Scientist,2559.0,No,3.0
RM751,44,Sales,Sales Executive,13320.0,No,3.0
RM790,44,Human Resources,Human Resources,10482.0,Yes,3.0
RM858,44,Research & Development,Research Scientist,2936.0,Yes,3.0
RM863,44,Research & Development,Research Scientist,2290.0,No,3.0
RM876,44,Research & Development,Research Scientist,4541.0,No,4.0
RM892,44,Research & Development,Research Scientist,2011.0,No,3.0
RM908,44,Sales,Manager,18213.0,No,3.0
RM923,44,Research & Development,Manager,19190.0,No,3.0
RM929,44,Research & Development,Healthcare Representative,7978.0,Yes,3.0
RM954,44,Research & Development,Laboratory Technician,2362.0,Yes,3.0
RM1043,44,Research & Development,Laboratory Technician,3162.0,No,3.0
RM1047,44,Research & Development,Research Scientist,3420.0,No,3.0
RM1052,44,Sales,Sales Executive,4768.0,No,3.0
RM1063,44,Research & Development,Manufacturing Director,10209.0,No,3.0
RM1079,44,Research & Development,Research Director,16328.0,No,3.0
RM1141,44,Research & Development,Research Director,19049.0,No,3.0
RM1166,44,Human Resources,Human Resources,5743.0,No,3.0
RM1201,44,Human Resources,Human Resources,3195.0,No,3.0
RM1215,44,Research & Development,Healthcare Representative,7879.0,No,3.0
RM1280,44,Research & Development,Research Scientist,2342.0,Yes,3.0
RM1353,44,Research & Development,Healthcare Representative,5033.0,No,3.0
RM1436,44,Research & Development,Research Scientist,2436.0,No,3.0
RM068,45,Research & Development,Research Scientist,9724.0,No,3.0
RM078,45,Research & Development,Research Director,13245.0,No,3.0
RM142,45,Research & Development,Research Scientist,3452.0,No,3.0
RM154,45,Research & Development,Laboratory Technician,2348.0,No,3.0
RM175,45,Sales,Sales Executive,5006.0,No,3.0
RM195,45,Research & Development,Manager,16792.0,No,4.0
RM219,45,Sales,Sales Executive,8865.0,No,3.0
RM245,45,Research & Development,Manager,19202.0,No,3.0
RM250,45,Research & Development,Manufacturing Director,6434.0,No,3.0
RM269,45,Research & Development,Healthcare Representative,13496.0,No,3.0
RM312,45,Research & Development,Laboratory Technician,5210.0,No,3.0
RM335,45,Research & Development,Research Scientist,3697.0,No,3.0
RM408,45,Research & Development,Research Scientist,2654.0,No,4.0
RM453,45,Sales,Sales Executive,4805.0,No,3.0
RM505,45,Sales,Sales Executive,4286.0,Yes,3.0
RM565,45,Sales,Sales Representative,6632.0,No,3.0
RM604,45,Research & Development,Research Scientist,2274.0,No,3.0
RM626,45,Sales,Sales Executive,10761.0,No,3.0
RM697,45,Research & Development,Laboratory Technician,4447.0,No,3.0
RM714,45,Research & Development,Laboratory Technician,2270.0,No,3.0
RM719,45,Research & Development,Laboratory Technician,3633.0,No,3.0
RM756,45,Sales,Manager,17650.0,No,3.0
RM760,45,Human Resources,Human Resources,2177.0,No,3.0
RM806,45,Sales,Sales Executive,5593.0,No,3.0
RM855,45,Research & Development,Research Scientist,4477.0,No,3.0
RM914,45,Sales,Manager,18824.0,Yes,3.0
RM937,45,Research & Development,Manager,18061.0,No,4.0
RM1035,45,Research & Development,Healthcare Representative,10851.0,No,3.0
RM1038,45,Research & Development,Manufacturing Director,9380.0,No,3.0
RM1093,45,Research & Development,Research Scientist,2132.0,No,4.0
RM1100,45,Research & Development,Healthcare Representative,7441.0,No,3.0
RM1143,45,Research & Development,Laboratory Technician,5769.0,No,3.0
RM1144,45,Sales,Sales Executive,4385.0,No,3.0
RM1161,45,Research & Development,Manufacturing Director,5770.0,No,3.0
RM1222,45,Research & Development,Healthcare Representative,10748.0,No,4.0
RM1226,45,Research & Development,Research Director,16704.0,No,3.0
RM1244,45,Human Resources,Human Resources,9756.0,No,4.0
RM1315,45,Sales,Sales Executive,5154.0,No,4.0
RM1347,45,Research & Development,Manufacturing Director,5906.0,No,3.0
RM1363,45,Research & Development,Healthcare Representative,5399.0,No,3.0
RM1455,45,Sales,Sales Executive,4850.0,No,3.0
RM030,46,Sales,Manager,18947.0,No,3.0
RM049,46,Sales,Sales Executive,5772.0,No,4.0
RM080,46,Human Resources,Human Resources,5021.0,No,4.0
RM090,46,Sales,Sales Executive,9619.0,Yes,3.0
RM094,46,Research & Development,Healthcare Representative,10673.0,No,3.0
RM179,46,Sales,Sales Executive,10453.0,No,4.0
RM210,46,Research & Development,Healthcare Representative,9396.0,No,3.0
RM264,46,Sales,Manager,16872.0,No,3.0
RM366,46,Research & Development,Manufacturing Director,5258.0,No,3.0
RM413,46,Research & Development,Manufacturing Director,4810.0,No,3.0
RM430,46,Research & Development,Research Director,17861.0,No,3.0
RM434,46,Sales,Sales Executive,9071.0,No,3.0
RM466,46,Research & Development,Healthcare Representative,10527.0,No,3.0
RM724,46,Research & Development,Manufacturing Director,10845.0,No,3.0
RM771,46,Research & Development,Research Director,19627.0,No,3.0
RM779,46,Research & Development,Research Scientist,4615.0,No,4.0
RM811,46,Sales,Manager,17465.0,No,3.0
RM862,46,Sales,Manager,17048.0,No,4.0
RM870,46,Research & Development,Research Director,19081.0,No,3.0
RM878,46,Research & Development,Manufacturing Director,7379.0,No,3.0
RM917,46,Sales,Manager,18789.0,No,3.0
RM944,46,Human Resources,Human Resources,3423.0,No,3.0
RM1032,46,Sales,Sales Executive,10096.0,Yes,3.0
RM1081,46,Sales,Manager,16606.0,No,3.0
RM1136,46,Sales,Manager,17567.0,No,3.0
RM1232,46,Research & Development,Healthcare Representative,5562.0,No,3.0
RM1236,46,Sales,Sales Executive,10368.0,No,3.0
RM1278,46,Research & Development,Research Director,19328.0,No,3.0
RM1286,46,Sales,Sales Executive,7991.0,No,3.0
RM1299,46,Research & Development,Healthcare Representative,8926.0,Yes,4.0
RM1323,46,Research & Development,Manufacturing Director,8578.0,No,3.0
RM1328,46,Sales,Sales Executive,13225.0,No,3.0
RM1334,46,Sales,Sales Executive,7314.0,Yes,4.0
RM272,47,Research & Development,Manager,11849.0,Yes,3.0
RM330,47,Research & Development,Research Director,18300.0,No,3.0
RM348,47,Sales,Sales Representative,2976.0,No,3.0
RM429,47,Research & Development,Manufacturing Director,5070.0,No,3.0
RM533,47,Sales,Sales Executive,4960.0,No,3.0
RM545,47,Sales,Sales Executive,13770.0,No,3.0
RM567,47,Sales,Sales Executive,6397.0,Yes,3.0
RM593,47,Research & Development,Manager,16752.0,No,3.0
RM652,47,Sales,Sales Executive,4537.0,No,4.0
RM666,47,Sales,Sales Representative,3294.0,No,3.0
RM708,47,Research & Development,Manufacturing Director,5067.0,No,3.0
RM720,47,Sales,Sales Executive,4163.0,No,3.0
RM1021,47,Research & Development,Research Scientist,3420.0,No,3.0
RM1025,47,Research & Development,Research Director,17169.0,No,3.0
RM1068,47,Sales,Sales Executive,4591.0,No,3.0
RM1155,47,Human Resources,Manager,19658.0,No,3.0
RM1195,47,Sales,Manager,15972.0,No,3.0
RM1224,47,Sales,Sales Executive,12936.0,Yes,3.0
RM1235,47,Sales,Sales Executive,4978.0,No,3.0
RM1304,47,Research & Development,Manufacturing Director,10333.0,No,3.0
RM1322,47,Research & Development,Laboratory Technician,2105.0,No,3.0
RM1371,47,Research & Development,Research Scientist,5467.0,No,3.0
RM1415,47,Research & Development,Healthcare Representative,8633.0,No,4.0
RM1422,47,Research & Development,Research Director,11957.0,No,3.0
RM051,48,Research & Development,Laboratory Technician,5381.0,Yes,3.0
RM353,48,Sales,Manager,12504.0,No,4.0
RM445,48,Sales,Sales Executive,4051.0,No,3.0
RM493,48,Research & Development,Manager,15402.0,No,3.0
RM521,48,Sales,Sales Executive,8120.0,No,3.0
RM679,48,Research & Development,Research Scientist,2259.0,No,3.0
RM736,48,Research & Development,Healthcare Representative,4240.0,No,3.0
RM737,48,Research & Development,Healthcare Representative,10999.0,No,3.0
RM805,48,Research & Development,Manager,16885.0,No,4.0
RM902,48,Research & Development,Laboratory Technician,2559.0,No,3.0
RM905,48,Research & Development,Research Director,18265.0,No,3.0
RM970,48,Research & Development,Manufacturing Director,7898.0,No,3.0
RM1039,48,Sales,Sales Executive,5486.0,No,3.0
RM1104,48,Sales,Sales Executive,6439.0,No,3.0
RM1115,48,Research & Development,Research Scientist,2367.0,No,3.0
RM1167,48,Research & Development,Manager,15202.0,No,4.0
RM1205,48,Sales,Sales Representative,2655.0,Yes,3.0
RM1332,48,Research & Development,Research Director,19665.0,No,3.0
RM1352,48,Research & Development,Manager,17174.0,No,3.0
RM002,49,Research & Development,Research Scientist,5130.0,No,4.0
RM130,49,Research & Development,Manufacturing Director,6567.0,No,3.0
RM202,49,Research & Development,Manufacturing Director,6804.0,No,3.0
RM291,49,Research & Development,Research Director,18665.0,No,3.0
RM317,49,Research & Development,Healthcare Representative,13964.0,No,3.0
RM376,49,Research & Development,Healthcare Representative,10965.0,No,4.0
RM474,49,Research & Development,Research Director,19502.0,No,3.0
RM608,49,Sales,Sales Executive,7654.0,Yes,3.0
RM640,49,Research & Development,Research Scientist,3580.0,No,3.0
RM678,49,Research & Development,Laboratory Technician,7403.0,No,3.0
RM822,49,Sales,Sales Executive,13120.0,No,3.0
RM900,49,Research & Development,Manager,18711.0,No,3.0
RM1007,49,Research & Development,Laboratory Technician,4284.0,Yes,4.0
RM1045,49,Research & Development,Healthcare Representative,6651.0,No,3.0
RM1055,49,Research & Development,Healthcare Representative,10466.0,No,3.0
RM1072,49,Research & Development,Laboratory Technician,4789.0,No,4.0
RM1148,49,Research & Development,Laboratory Technician,3211.0,No,3.0
RM1177,49,Research & Development,Research Director,16413.0,No,3.0
RM1182,49,Research & Development,Healthcare Representative,13966.0,No,3.0
RM1193,49,Research & Development,Laboratory Technician,2587.0,No,3.0
RM1196,49,Research & Development,Manager,15379.0,No,3.0
RM1255,49,Sales,Sales Executive,4507.0,No,3.0
RM1378,49,Research & Development,Research Director,19161.0,No,3.0
RM1469,49,Sales,Sales Executive,5390.0,No,3.0
RM1469,49,Sales,Sales Executive,5390.0,No,3.0
RM037,50,Sales,Sales Representative,2683.0,Yes,3.0
RM063,50,Research & Development,Research Director,18740.0,No,3.0
RM107,50,Research & Development,Research Director,18172.0,No,3.0
RM132,50,Sales,Sales Executive,9208.0,No,3.0
RM166,50,Research & Development,Manager,19926.0,No,3.0
RM184,50,Research & Development,Laboratory Technician,3690.0,No,3.0
RM234,50,Sales,Manager,19517.0,No,3.0
RM280,50,Research & Development,Research Director,19144.0,No,3.0
RM368,50,Research & Development,Healthcare Representative,10496.0,No,3.0
RM426,50,Research & Development,Manager,17046.0,No,3.0
RM478,50,Human Resources,Manager,18200.0,No,3.0
RM524,50,Research & Development,Laboratory Technician,3221.0,No,3.0
RM529,50,Sales,Sales Executive,6796.0,Yes,3.0
RM540,50,Sales,Sales Representative,3875.0,No,3.0
RM589,50,Research & Development,Research Director,17639.0,No,3.0
RM654,50,Research & Development,Manager,17924.0,No,3.0
RM715,50,Research & Development,Research Director,17399.0,No,4.0
RM722,50,Research & Development,Manufacturing Director,13973.0,No,3.0
RM743,50,Research & Development,Laboratory Technician,2380.0,No,3.0
RM752,50,Sales,Sales Executive,6347.0,No,3.0
RM767,50,Research & Development,Research Director,19237.0,No,3.0
RM802,50,Sales,Sales Executive,4728.0,Yes,3.0
RM868,50,Research & Development,Manager,17856.0,No,4.0
RM946,50,Research & Development,Research Director,16880.0,No,3.0
RM1087,50,Research & Development,Research Director,14411.0,No,3.0
RM1127,50,Sales,Manager,19331.0,No,3.0
RM1139,50,Research & Development,Healthcare Representative,11245.0,No,3.0
RM1178,50,Research & Development,Research Director,13269.0,No,3.0
RM1453,50,Sales,Sales Executive,6728.0,Yes,3.0
RM1462,50,Sales,Sales Executive,10854.0,Yes,3.0
RM1462,50,Sales,Sales Executive,10854.0,Yes,3.0
RM088,51,Research & Development,Laboratory Technician,2075.0,No,4.0
RM092,51,Sales,Sales Executive,5441.0,No,4.0
RM111,51,Research & Development,Healthcare Representative,7484.0,No,4.0
RM124,51,Research & Development,Research Director,19537.0,No,3.0
RM137,51,Research & Development,Manufacturing Director,10650.0,Yes,3.0
RM157,51,Research & Development,Manufacturing Director,6132.0,No,3.0
RM190,51,Research & Development,Healthcare Representative,13734.0,No,3.0
RM214,51,Research & Development,Research Director,12490.0,No,3.0
RM259,51,Research & Development,Research Scientist,2723.0,No,3.0
RM300,51,Research & Development,Manufacturing Director,5482.0,No,3.0
RM377,51,Sales,Sales Executive,4936.0,No,3.0
RM617,51,Sales,Manager,16307.0,No,3.0
RM780,51,Research & Development,Research Scientist,2461.0,Yes,3.0
RM919,51,Sales,Manager,19847.0,No,4.0
RM931,51,Research & Development,Laboratory Technician,2838.0,No,3.0
RM963,51,Human Resources,Manager,14026.0,No,3.0
RM972,51,Research & Development,Manufacturing Director,13142.0,No,3.0
RM988,51,Sales,Sales Executive,10596.0,No,3.0
RM1276,51,Research & Development,Manager,13116.0,No,3.0
RM191,52,Research & Development,Manager,19999.0,No,3.0
RM231,52,Research & Development,Laboratory Technician,3212.0,No,3.0
RM238,52,Sales,Manager,19068.0,No,3.0
RM318,52,Research & Development,Research Scientist,4941.0,Yes,3.0
RM407,52,Research & Development,Manufacturing Director,7969.0,No,3.0
RM409,52,Research & Development,Manager,16555.0,No,3.0
RM469,52,Research & Development,Research Scientist,5577.0,No,3.0
RM562,52,Sales,Manager,16856.0,No,3.0
RM571,52,Research & Development,Research Scientist,4258.0,No,3.0
RM588,52,Research & Development,Laboratory Technician,3149.0,No,4.0
RM628,52,Research & Development,Manufacturing Director,13826.0,No,4.0
RM700,52,Research & Development,Manager,17099.0,No,3.0
RM750,52,Sales,Manager,19845.0,Yes,3.0
RM807,52,Research & Development,Healthcare Representative,10445.0,No,3.0
RM948,52,Sales,Sales Executive,8446.0,Yes,3.0
RM995,52,Research & Development,Manufacturing Director,13247.0,No,3.0
RM1001,52,Research & Development,Laboratory Technician,2950.0,No,3.0
RM1435,52,Sales,Sales Representative,3482.0,No,3.0
RM019,53,Sales,Manager,15427.0,No,3.0
RM026,53,Research & Development,Manager,19094.0,No,3.0
RM153,53,Sales,Sales Representative,2306.0,No,4.0
RM185,53,Research & Development,Manufacturing Director,4450.0,No,3.0
RM281,53,Research & Development,Research Director,17584.0,No,3.0
RM503,53,Sales,Sales Executive,8381.0,No,4.0
RM535,53,Research & Development,Research Director,14814.0,No,3.0
RM557,53,Research & Development,Laboratory Technician,2450.0,No,3.0
RM625,53,Sales,Sales Executive,10934.0,No,3.0
RM647,53,Sales,Sales Executive,11836.0,No,3.0
RM650,53,Research & Development,Research Director,14275.0,No,3.0
RM702,53,Sales,Manager,14852.0,No,3.0
RM761,53,Sales,Sales Executive,7525.0,No,3.0
RM859,53,Research & Development,Manager,18606.0,No,3.0
RM1044,53,Research & Development,Research Director,16598.0,No,3.0
RM1112,53,Research & Development,Manufacturing Director,10169.0,Yes,3.0
RM1204,53,Research & Development,Healthcare Representative,7005.0,No,3.0
RM1269,53,Research & Development,Manufacturing Director,12965.0,No,4.0
RM1397,53,Sales,Sales Executive,10448.0,Yes,3.0
RM096,54,Research & Development,Research Director,13549.0,No,3.0
RM113,54,Human Resources,Manager,17328.0,No,3.0
RM220,54,Sales,Sales Executive,5940.0,No,3.0
RM333,54,Research & Development,Research Scientist,4869.0,No,3.0
RM393,54,Research & Development,Research Director,19406.0,No,3.0
RM432,54,Research & Development,Laboratory Technician,3780.0,No,3.0
RM511,54,Human Resources,Human Resources,10725.0,No,3.0
RM576,54,Research & Development,Manufacturing Director,5485.0,No,3.0
RM729,54,Research & Development,Manufacturing Director,10739.0,No,3.0
RM772,54,Sales,Sales Executive,10686.0,No,3.0
RM891,54,Research & Development,Manufacturing Director,10502.0,No,3.0
RM895,54,Research & Development,Research Director,17779.0,No,3.0
RM1009,54,Research & Development,Research Director,17328.0,No,3.0
RM1077,54,Research & Development,Manager,16032.0,No,4.0
RM1185,54,Research & Development,Manager,17426.0,No,4.0
RM1306,54,Research & Development,Research Scientist,6854.0,No,3.0
RM1398,54,Research & Development,Research Scientist,2897.0,No,3.0
RM1407,54,Research & Development,Manufacturing Director,4440.0,No,3.0
RM066,55,Research & Development,Manager,14756.0,No,3.0
RM083,55,Sales,Sales Executive,10239.0,No,3.0
RM188,55,Research & Development,Research Director,18722.0,No,3.0
RM271,55,Research & Development,Manager,19045.0,No,3.0
RM284,55,Research & Development,Laboratory Technician,5415.0,No,3.0
RM380,55,Research & Development,Manager,16659.0,No,3.0
RM446,55,Sales,Manager,16835.0,No,4.0
RM569,55,Research & Development,Manager,19859.0,Yes,3.0
RM609,55,Sales,Sales Executive,5160.0,Yes,3.0
RM746,55,Research & Development,Healthcare Representative,6385.0,No,3.0
RM775,55,Research & Development,Manager,16756.0,No,3.0
RM788,55,Research & Development,Manufacturing Director,10976.0,No,3.0
RM915,55,Research & Development,Healthcare Representative,13577.0,No,3.0
RM956,55,Research & Development,Manager,19187.0,No,3.0
RM976,55,Sales,Sales Executive,13695.0,Yes,3.0
RM1011,55,Research & Development,Research Director,14732.0,No,3.0
RM1066,55,Research & Development,Healthcare Representative,4035.0,No,3.0
RM1117,55,Sales,Manager,19586.0,No,4.0
RM1208,55,Research & Development,Research Scientist,3537.0,No,3.0
RM1265,55,Research & Development,Research Director,19038.0,No,3.0
RM1337,55,Research & Development,Research Scientist,2662.0,No,4.0
RM1402,55,Human Resources,Manager,19636.0,No,3.0
RM086,56,Research & Development,Manufacturing Director,7260.0,No,3.0
RM123,56,Research & Development,Research Scientist,4963.0,Yes,3.0
RM176,56,Research & Development,Research Scientist,4257.0,No,3.0
RM402,56,Sales,Sales Executive,13212.0,No,3.0
RM553,56,Research & Development,Healthcare Representative,11103.0,No,3.0
RM773,56,Research & Development,Research Scientist,2942.0,No,3.0
RM852,56,Research & Development,Manager,19943.0,No,3.0
RM957,56,Human Resources,Manager,19717.0,No,3.0
RM977,56,Research & Development,Manufacturing Director,13402.0,No,3.0
RM1024,56,Research & Development,Research Scientist,2066.0,No,4.0
RM1355,56,Research & Development,Laboratory Technician,2587.0,Yes,3.0
RM1372,56,Sales,Sales Executive,5380.0,No,3.0
RM1442,56,Research & Development,Healthcare Representative,6306.0,No,4.0
RM1445,56,Research & Development,Laboratory Technician,2339.0,Yes,3.0
RM164,57,Research & Development,Healthcare Representative,9439.0,No,3.0
RM361,57,Research & Development,Healthcare Representative,6755.0,No,3.0
RM425,57,Sales,Manager,14118.0,No,3.0
RM1054,57,Research & Development,Research Scientist,4900.0,No,4.0
RM099,58,Sales,Sales Executive,13872.0,No,3.0
RM127,58,Research & Development,Healthcare Representative,10312.0,Yes,3.0
RM158,58,Research & Development,Research Scientist,3346.0,No,4.0
RM309,58,Research & Development,Healthcare Representative,5660.0,No,3.0
RM596,58,Research & Development,Research Director,19246.0,Yes,3.0
RM661,58,Research & Development,Laboratory Technician,2380.0,Yes,3.0
RM675,58,Research & Development,Healthcare Representative,10552.0,No,3.0
RM701,58,Research & Development,Research Scientist,2479.0,Yes,4.0
RM939,58,Research & Development,Research Scientist,2372.0,No,3.0
RM967,58,Research & Development,Manufacturing Director,10008.0,Yes,3.0
RM1010,58,Research & Development,Research Director,19701.0,No,4.0
RM1302,58,Sales,Manager,16291.0,No,4.0
RM1311,58,Research & Development,Research Director,15787.0,No,3.0
RM1375,58,Sales,Manager,17875.0,No,3.0
RM007,59,Research & Development,Laboratory Technician,2670.0,No,4.0
RM064,59,Sales,Sales Executive,7637.0,No,3.0
RM071,59,Sales,Sales Executive,5473.0,No,3.0
RM106,59,Human Resources,Manager,18844.0,No,4.0
RM226,59,Research & Development,Research Scientist,2177.0,No,3.0
RM233,59,Human Resources,Human Resources,2267.0,No,3.0
RM744,59,Research & Development,Manufacturing Director,13726.0,No,3.0
RM759,59,Sales,Manager,11904.0,No,3.0
RM898,59,Sales,Sales Executive,5171.0,No,3.0
RM920,59,Research & Development,Manufacturing Director,10512.0,No,3.0
RM412,60,Research & Development,Manager,19566.0,No,3.0
RM428,60,Sales,Sales Executive,10266.0,No,3.0
RM537,60,Sales,Sales Executive,5405.0,No,3.0
RM880,60,Sales,Sales Executive,5220.0,No,3.0
RM1210,60,Research & Development,Healthcare Representative,10883.0,No,4.0
